county_fips,dem_pct
01001,27.018365142239826
01003,22.409029987509005
01005,45.78817265639856
01007,20.698280354351226
01009,9.569377990430622
01011,74.70192933015392
01013,41.78962900505902
01015,29.845242531824333
01017,41.644857367181366
01019,13.202178684659785
01021,15.91403417918177
01023,41.89442658092176
01025,43.81423677198325
01027,18.282828282828284
01029,9.339975093399751
01031,22.78787878787879
01033,29.91823854263788
01035,46.04875019406924
01037,32.779704325606865
01039,15.611015490533564
01041,25.691400936980507
01043,10.699863802537573
01045,26.193130003039823
01047,68.46171070309002
01049,14.583049461779535
01051,25.26687789422374
01053,30.91137649277184
01055,24.23524974857526
01057,15.91375770020534
01059,16.584512641119414
01061,12.714228776404942
01063,81.34031413612566
01065,59.0253164556962
01067,28.02753280275328
01069,27.975223615532883
01071,15.726011169402607
01073,55.758513171785616
01075,13.596552203531212
01077,26.872505018155575
01079,22.219449815981534
01081,38.992848045459
01083,27.768863613283234
01085,72.74323335771763
01087,81.48572738736674
01089,44.81560017867503
01091,50.348623853211
01093,10.596074454986601
01095,14.98676081200353
01097,43.38953069380446
01099,41.76040494938133
01101,65.08941990538537
01103,24.634228062990953
01105,73.80497131931166
01107,41.60115846090194
01109,40.719601184885484
01111,20.32850419857894
01113,52.64194289465047
01115,17.425350464661012
01117,28.941278816876903
01119,73.88332538547131
01121,36.83930123657572
01123,27.911962269544087
01125,41.88107172958346
01127,15.508501764517163
01129,25.4393871113114
01131,68.57530069456209
01133,8.631690889755406
02001,47.53896636587367
02002,34.289439374185136
02003,22.695289206917113
02004,50.85148891637332
02005,48.57869193436561
02006,34.5877378435518
02007,23.020162128455624
02008,19.703389830508474
02009,25.188756481397252
02010,24.337349397590362
02011,29.450508091832894
02012,26.312511122975618
02013,34.56502009594192
02014,37.23673861749541
02015,47.16675661090124
02016,52.64843557526484
02017,57.13496339273381
02018,60.634715025906736
02019,58.81909073759668
02020,65.10604241696679
02021,57.418602184749176
02022,47.825630252100844
02023,49.23116681741827
02024,45.41618718833909
02025,49.32975871313673
02026,45.079616259519334
02027,50.95729013254786
02028,49.13326535414542
02029,27.775193077137807
02030,25.92374213836478
02031,40.588235294117645
02032,42.063587282543494
02033,68.7813783660429
02034,53.714232454096376
02035,49.60403880419719
02036,40.85234610417564
02037,49.786075457020615
02038,60.42649556520098
02039,60.770667119334576
02040,50.35846187269172
02099,86.14318706697459
04001,22.075325069183823
04003,13.088029295302384
04005,20.33427957928449
04007,10.77651652085894
04009,8.967433588974103
04011,10.691994572591588
04012,9.993742737105569
04013,16.774686224299018
04015,7.907861046356097
04017,15.056567568785779
04019,19.53514976706886
04021,13.534514760633026
04023,22.393809231608373
04025,11.54439642231237
04027,15.364214402579623
05001,7.223458359821996
05003,6.70262427453949
05005,5.516018470033798
05007,8.808334445259858
05009,4.475867710646255
05011,8.305966064586755
05013,5.488084326306141
05015,8.52547257777401
05017,13.77041189373629
05019,10.238237045860632
05021,4.640169785838317
05023,3.9195583596214516
05025,4.520833333333334
05027,8.165041782729805
05029,7.527345998848589
05031,7.738698034327854
05033,5.146112656178656
05035,13.00482678560518
05037,6.381446269086719
05039,9.088335220838053
05041,12.103746397694524
05043,8.779675738274465
05045,8.427188211949732
05047,4.558844157665872
05049,5.054698183238914
05051,7.944184257562388
05053,3.8658536585365852
05055,4.748447204968944
05057,7.805198598130842
05059,6.136019749940273
05061,6.930078609846918
05063,4.833930540242558
05065,4.39328743545611
05067,6.703005303476724
05069,14.886914699101677
05071,6.009159823120657
05073,7.829413960432998
05075,4.6098685333788625
05077,12.49122191011236
05079,6.658064516129032
05081,5.920417230056017
05083,4.693009118541033
05085,5.4513730350270695
05087,5.315603319276288
05089,5.1012928162068505
05091,6.420533607598767
05093,9.23270134500081
05095,10.182883522727272
05097,4.718564420345985
05099,8.010720667063728
05101,4.433466733366683
05103,10.372312805068024
05105,5.467905770477631
05107,14.510573534123678
05109,3.7918040508714084
05111,4.733413109958782
05113,3.669022379269729
05115,5.906188605108055
05117,4.6781115879828326
05119,14.996087222575255
05121,4.459042865531416
05123,12.675858187957232
05125,7.048929932056391
05127,3.4004505773021685
05129,3.657626275192834
05131,7.682965634280865
05133,5.3633217993079585
05135,4.619349722442506
05137,4.968002694509936
05139,8.40609381586078
05141,5.101191238631997
05143,11.622430144484756
05145,4.838918568884572
05147,8.64297253634895
05149,4.761904761904762
06001,80.20816289428234
06003,64.23751686909581
06005,36.553981348637016
06007,49.40528677522387
06009,36.98277131497571
06011,40.68584348699912
06013,71.62816781234302
06015,40.836462062341745
06017,44.439948691018344
06019,52.8955899560722
06021,35.36337080640878
06023,65.02912423921096
06025,61.114146238302524
06027,48.86123998312948
06029,43.68473461472951
06031,42.6324069218668
06033,51.85686519505761
06035,23.35029615416701
06037,71.02780836068207
06039,43.11769522816943
06041,82.32561124302124
06043,39.766536964980546
06045,66.40978311029072
06047,54.10142014709455
06049,26.47939212525904
06051,59.557732264767
06053,69.51617527741683
06055,69.04643104643104
06057,56.152895752895745
06059,53.4788810029216
06061,45.459920709193305
06063,40.50621669626998
06065,52.98468845396307
06067,61.35627192249875
06069,61.14464099895942
06071,54.1960220179996
06073,60.20998125635477
06075,85.25610242744385
06077,55.85492838622908
06079,55.29258549657513
06081,77.8878346350444
06083,64.87154273506407
06085,72.6386761658366
06087,78.87901572112098
06089,32.28236306897665
06091,37.80424650440186
06093,40.869972733469666
06095,63.94060531288099
06097,74.51559163228569
06099,49.23890692892432
06101,40.725541694024955
06103,31.015279663081692
06105,45.55040741332481
06107,45.00459543180039
06109,39.39094975006577
06111,59.45438420150181
06113,69.47807675704566
06115,37.6896227681568
08001,56.68750528005406
08003,48.142930327868854
08005,60.998677834161
08007,40.879265091863516
08009,14.247191011235955
08011,32.189973614775724
08013,77.18607934559533
08014,62.354177388917485
08015,52.19419740486951
08017,11.53169014084507
08019,55.0397067806964
08021,45.211170090006924
08023,62.607449856733524
08025,24.97142857142857
08027,30.591471801925724
08029,30.392359318533813
08031,79.55051557909651
08033,23.533471359558316
08035,45.18598475853285
08037,63.788606726149624
08039,23.652741926987307
08041,42.74530092305418
08043,28.833587666784048
08045,49.91910432306498
08047,53.105590062111794
08049,47.72036474164133
08051,63.73547810545129
08053,40.348101265822784
08055,47.117566954153425
08057,19.97716894977169
08059,57.87501523751981
08061,10.852713178294573
08063,17.101524153965382
08065,58.14188336278717
08067,57.610676535733305
08069,56.21874136347832
08071,43.92664238161035
08073,17.729158807996985
08075,21.059627800987464
08077,34.7991128080068
08079,41.93121693121693
08081,17.122117847993167
08083,37.651612903225804
08085,30.84423401011155
08087,28.20139697322468
08089,37.646198830409354
08091,58.83084577114428
08093,39.890977137743064
08095,19.557344064386317
08097,75.17772016392071
08099,26.218306060061142
08101,49.5713525328139
08103,15.19913302628014
08105,39.57176843774782
08107,62.704432329936
08109,55.591619946886986
08111,60.854092526690394
08113,76.23858558383525
08115,20.816044260027663
08117,68.35326586936522
08119,31.158864159631623
08121,12.267287234042554
08123,39.563045743648715
08125,15.75988757277655
09001,62.977882962599175
09003,63.06372069008492
09005,46.64509410101912
09007,57.30760700820581
09009,58.04781534177227
09011,56.917423569525226
09013,54.700547612557926
09015,46.7853263725868
10001,51.194484343579425
10003,67.80654514607156
10005,43.819964128888614
12001,62.904266359989904
12003,14.488939469379044
12005,27.53482972136223
12007,23.18075117370892
12009,41.17622600924704
12011,64.6100126139221
12013,18.52589641434263
12015,36.335740072202164
12017,29.066174577289505
12019,30.80020899481532
12021,37.350470122896
12023,26.977785848314266
12027,33.644047713089506
12029,16.713603526386677
12031,51.247108477740355
12033,41.63184091282605
12035,39.26738803056501
12037,30.953423857497448
12039,67.97828465617373
12041,17.552916881775943
12043,26.670518005006738
12045,24.317040303809872
12047,33.67066895368782
12049,27.083087802003536
12051,38.091190108191654
12053,34.44575016984631
12055,32.466935020126506
12057,52.85585685536252
12059,10.189677988531098
12061,38.82072955561938
12063,30.17975824077791
12065,46.11288604898828
12067,13.942044833242209
12069,39.517022061955196
12071,40.034374293917985
12073,63.53503673379202
12075,26.809246057463813
12077,19.488907610221847
12079,39.946695095948826
12081,41.559195789046726
12083,36.6275883665401
12085,37.36908210603083
12086,53.41074120689894
12087,45.55789210685211
12089,26.464436925065037
12091,29.42950684437112
12093,27.516610254481634
12095,61.01516366158328
12097,56.424992460971026
12099,56.078059077187326
12101,39.43206278769414
12103,49.56987038046148
12105,42.25679958981053
12107,28.94179748714706
12109,36.15064940947334
12111,48.86884398468946
12113,25.8229836899596
12115,44.39064954264067
12117,50.813028391771944
12119,31.72514461804617
12121,21.29933038894429
12123,22.70168855534709
12125,16.861489191353083
12127,42.47183994223244
12129,29.075201043251468
12131,23.65079728214866
12133,19.039506773748684
13001,5.332094473084762
13003,6.537242472266244
13005,3.3472579263067694
13007,10.482315112540192
13009,12.51986192537395
13011,2.6474264288149074
13013,6.891300334906781
13015,5.990052905859274
13017,9.115853658536585
13019,4.097249128244866
13021,15.34843648484506
13023,5.743953732912723
13025,2.256003098373354
13027,9.82394366197183
13029,7.894798500468604
13031,9.343006249168994
13033,12.188786971171846
13035,6.953529861524084
13037,14.357338195077485
13039,8.408265788584938
13043,7.159783344617468
13045,7.452179021184419
13047,5.317092627251251
13049,6.039202803328953
13051,14.66309398890721
13053,10.540455120101138
13055,4.611940298507463
13057,7.38693640820272
13059,17.555958155572437
13061,13.772663877266389
13063,21.246350494908494
13065,6.5206005586592175
13067,14.085603409304476
13069,7.412580517943999
13071,6.5084250450786545
13073,9.070601521488229
13075,7.3169864960909745
13077,7.8809619916926
13079,6.616683054736153
13081,9.285980843388481
13083,4.240651062684961
13085,3.864809402400348
13087,10.277801668530145
13089,20.780992114432422
13091,6.72552664188352
13093,11.638246041412911
13095,17.400385149103677
13097,15.488733230096821
13099,11.745710429920956
13101,2.897293546148508
13103,6.113398796325625
13105,7.848108167048304
13107,7.588674876328808
13109,7.793736755356723
13111,4.328282828282829
13113,11.482019085188838
13115,7.208029197080291
13117,8.159583929469084
13119,3.699489084997678
13121,18.161510619278427
13123,4.435703479576399
13125,2.474457215836526
13127,9.455387766768293
13129,4.560396121998918
13131,8.450079387316709
13133,9.086867609140214
13135,14.607843137254903
13137,4.359583007047768
13139,6.912884018426256
13141,17.917166866746697
13143,3.1443009545199323
13145,6.824320944424992
13147,6.201382886776146
13149,3.8211834539046556
13151,14.924801616398625
13153,10.76941582133836
13155,6.046065259117082
13157,5.071675073002389
13159,5.759419152276295
13161,4.453300987697107
13163,13.28513478147082
13165,9.160636758321274
13167,7.451219512195122
13169,8.165174395296004
13171,7.232547848213298
13173,7.123881431767337
13175,8.879625148488715
13177,6.8176379083403145
13179,15.310439945766516
13181,7.71505376344086
13183,8.98603253182461
13185,10.849422931722575
13187,5.031871740390188
13189,9.966523194643711
13191,9.752090800477898
13193,15.320677820677819
13195,5.70897770636674
13197,9.043874172185431
13199,9.853360301553737
13201,6.604938271604937
13205,11.143032466807988
13207,7.029245767060031
13209,6.171205244578921
13211,7.164516955667549
13213,3.739684190005849
13215,15.373465105595768
13217,13.732738435443132
13219,8.107517482517483
13221,7.4898536465379415
13223,8.697077941090356
13225,11.797528895974493
13227,4.101425566721197
13229,3.0393457117595046
13231,3.509794776119403
13233,5.256049198229784
13235,7.495688593249569
13237,7.271193589202868
13239,11.234177215189874
13241,5.183946488294314
13243,13.589785296031229
13245,16.986531212650547
13247,17.479747571946472
13249,5.076923076923077
13251,10.036964393482197
13253,8.071575695159629
13255,9.782175587727455
13257,5.016827934371055
13259,14.84924623115578
13261,13.0
13263,15.005678591709257
13265,15.113146551724139
13267,6.296590492484419
13269,9.03230007814535
13271,8.579506115855066
13273,13.451086956521738
13275,9.962018944767308
13277,8.171098691887245
13279,6.73217885284955
13281,4.8564983080586535
13283,7.734806629834254
13285,9.632600086525342
13287,9.295886075949367
13289,11.498649864986499
13291,4.500321336760925
13293,8.138318481208834
13295,4.913299720651359
13297,6.205108131911146
13299,7.417911499436302
13301,13.85326291965296
13303,12.501321492758219
13305,5.257082485521991
13307,11.492805755395684
13309,7.538293216630197
13311,4.068237041036717
13313,7.2592935285473255
13315,6.568119475769582
13317,10.737721216941738
13319,10.875262054507337
13321,6.4485729671513194
15001,66.8811351265174
15003,62.51367435920252
15007,63.36388333283578
15009,66.58549631214458
16001,46.47035919025094
16003,22.8538283062645
16005,37.11981392056229
16007,10.558069381598793
16009,19.64608887995174
16011,20.624124824964994
16013,67.11565956806382
16015,24.979253112033195
16017,30.400585330162794
16019,26.398740624131868
16021,19.325201964200854
16023,13.286219081272085
16025,19.76127320954907
16027,28.626258157283484
16029,12.617096018735364
16031,15.204071035413854
16033,13.183279742765272
16035,19.846119031455082
16037,22.015334063526833
16039,25.4875061244488
16041,9.858943577430972
16043,14.853400803691025
16045,18.10604539064069
16047,20.760330578512395
16049,16.257029785461363
16051,11.719466591406196
16053,24.23195084485407
16055,27.174265371589524
16057,49.76178901312591
16059,21.78134233853947
16061,18.663101604278076
16063,21.34020618556701
16065,15.579710144927535
16067,19.39196797197548
16069,31.888205274955883
16071,10.159118727050185
16073,17.207929143821172
16075,19.13574780837687
16077,28.13923227065712
16079,27.988097206149774
16081,52.276666141484164
16083,25.728062244870003
16085,42.13507008353391
16087,20.07859281437126
17001,25.749396009186626
17003,42.55156608097785
17005,28.09085328422345
17007,42.20345089875495
17009,19.2780642602142
17011,38.252839279568654
17013,24.422799422799425
17015,34.24725822532403
17017,30.374271205567048
17019,59.980870698534815
17021,26.75265366576154
17023,23.85112494016276
17025,16.3955852454255
17027,23.437663015127804
17029,35.685216314252855
17031,74.34776690447413
17033,23.36339522546419
17035,19.58161865569273
17037,51.52744380554104
17039,27.305583250249256
17041,26.72236209658961
17043,57.97148652660048
17045,23.023426061493414
17047,14.497920380273321
17049,19.50758570003675
17051,18.158313444709627
17053,25.2265209262189
17055,25.555674863094595
17057,38.99148578966303
17059,23.261032161555722
17061,21.66372249879557
17063,36.06459106065715
17065,19.09617612977984
17067,24.67227965469466
17069,20.767807585568917
17071,32.547299149986294
17073,38.21728106104935
17075,20.73440285204991
17077,49.379499182970456
17079,18.05954088952654
17081,26.476672029418523
17083,24.805227444081428
17085,40.885083226632524
17087,19.900574801926364
17089,56.1360382273284
17091,40.62161837200914
17093,51.846062462875544
17095,46.24724538737415
17097,61.05506961879483
17099,41.876434475938126
17101,22.13383247543285
17103,39.07422089406599
17105,26.87201583789449
17107,28.88521137355198
17109,40.63492063492063
17111,47.690064010642
17113,50.49654030941817
17115,40.18424782344604
17117,30.65939555407543
17119,42.1732694565368
17121,25.91362126245847
17123,31.654562677612887
17125,29.337865799586165
17127,25.31924262439454
17129,29.18591224018476
17131,36.88294163949173
17133,31.062038963495365
17135,28.447585051358637
17137,33.15696649029982
17139,24.644128113879006
17141,35.88611449451888
17143,51.895252045300275
17145,25.982293842634043
17147,33.89330075341071
17149,18.669014970436532
17151,19.908045977011493
17153,33.95579268292683
17155,39.469026548672566
17157,24.121952857430664
17159,22.696266898176855
17161,54.96120315168219
17163,53.34098414408507
17165,25.203325501536238
17167,46.69791507560715
17169,27.342549923195087
17171,20.898794300328827
17173,20.699346945523683
17175,28.26916406520985
17177,41.06948476052249
17179,35.94247813242195
17181,29.023182534323656
17183,32.684270516717326
17185,22.40300375469337
17187,39.069414590972315
17189,20.76689445709947
17191,13.987744520386519
17193,20.441988950276244
17195,44.75981735159817
17197,53.29247620289477
17199,30.327162511514576
17201,50.15778057928571
17203,28.74206793579694
18001,22.774297980153424
18003,43.2860978696727
18005,35.69477024975852
18007,24.52600875060768
18009,25.71481965987666
18011,39.5742471443406
18013,33.80469880859592
18015,23.42285413375461
18017,28.31951572575339
18019,39.90564896576751
18021,20.803782505910164
18023,25.955672252683605
18025,27.40695792880259
18027,18.144554124142545
18029,21.455304731513216
18031,19.850248229836414
18033,25.300590992459753
18035,42.485111327841295
18037,28.902158934313277
18039,35.09753048247678
18041,22.069850039463297
18043,41.89034017511124
18045,20.398196844477837
18047,17.808333333333334
18049,24.926205313217448
18051,24.89326155559681
18053,29.511395854044697
18055,22.923430735930737
18057,45.56209052623982
18059,30.050569783971476
18061,26.403439414904128
18063,36.83859668945257
18065,26.3623395149786
18067,32.7418163918287
18069,23.865612204834818
18071,22.361991891048966
18073,24.54281098546042
18075,22.763266753338847
18077,32.19024290671565
18079,20.594237205126113
18081,31.868896390012623
18083,25.40128661545188
18085,23.371615391063795
18087,22.148029718799965
18089,56.77044499809053
18091,45.40613864593456
18093,23.595719381688465
18095,37.69621377406213
18097,63.59340791901832
18099,28.664625884478344
18101,19.653965785381025
18103,22.351965729289024
18105,63.12014061535051
18107,24.49703453889987
18109,21.518847313255343
18111,22.894856622667273
18113,24.283480979676916
18115,21.723577235772357
18117,25.181159420289855
18119,24.434571890145396
18121,21.431626978468557
18123,36.723228617289614
18125,22.7491961414791
18127,45.94435261071103
18129,28.79268661226957
18131,25.198070961074748
18133,23.77538109296861
18135,22.70099367660343
18137,19.43802116179665
18139,22.11296016137166
18141,51.97591072389316
18143,26.566342087144683
18145,25.126306838077134
18147,29.83563933512861
18149,25.75315840621963
18151,27.923524316297488
18153,23.93818100956193
18155,23.206547905633123
18157,49.01046915239055
18159,22.59733859043864
18161,21.131208728107953
18163,44.31382143133064
18165,28.67263734794814
18167,41.57223471119879
18169,23.97091108671789
18171,21.779964221824688
18173,35.24490821484525
18175,22.93434385039954
18177,34.40875754181871
18179,20.839857651245552
18181,27.153859931936235
18183,24.117110959216223
19001,14.340435719415847
19003,13.657407407407407
19005,17.353812988412827
19007,14.510435850214856
19009,15.657894736842104
19011,17.62054364157902
19013,26.764825131770607
19015,20.54432855280313
19017,20.479857005362298
19019,19.347503248561353
19021,18.127831517080935
19023,14.96665843418128
19025,13.97869912514264
19027,15.235994706660785
19029,15.125068719076415
19031,20.26067457722134
19033,22.984328389563462
19035,14.851181343970543
19037,16.83758105866385
19039,15.695931477516059
19041,14.840004459805996
19043,17.406712528663746
19045,21.89816502612711
19047,15.515795359239586
19049,23.98968262468316
19051,12.34763529985373
19053,14.721345951629864
19055,15.780265920223933
19057,22.28151934255362
19059,16.2797936677339
19061,23.789081333679487
19063,15.660416237378941
19065,18.824857647751816
19067,19.746015936254977
19069,15.84795321637427
19071,14.00051853772362
19073,17.490607079296026
19075,15.15942825728422
19077,15.578402134672736
19079,17.89626085861765
19081,13.634154244977317
19083,16.55356546890644
19085,14.960147148988352
19087,16.404528150671208
19089,17.870108914885037
19091,13.534822601839686
19093,11.912184983112496
19095,18.20468076370355
19097,18.091603053435115
19099,19.166171224732462
19101,24.10425270677531
19103,35.28699717355786
19105,19.16916916916917
19107,13.332076183292477
19109,14.829482948294828
19111,19.54404207003705
19113,27.802884087307188
19115,16.18529632408102
19117,13.86609071274298
19119,7.773568410316188
19121,15.950732899022801
19123,12.688530340231496
19125,16.061772046589017
19127,22.540802823114248
19129,15.166908563134978
19131,17.631398144967363
19133,14.879441624365484
19135,13.184931506849315
19137,14.858269194668669
19139,22.66944027865125
19141,10.389352403655144
19143,9.029447115384617
19145,13.854941551540914
19147,15.318676885841064
19149,12.313222441499859
19151,12.202458801987968
19153,28.260323472010203
19155,20.303209164043373
19157,21.232741617357
19159,13.06190125276345
19161,12.547425474254743
19163,25.338286590567932
19165,14.415011037527595
19167,7.923468584326282
19169,28.58164504878718
19171,19.76679929266136
19173,11.480455524776854
19175,16.661277283751012
19177,11.54049063571617
19179,18.617667754109895
19181,20.25516285962821
19183,19.383765405864853
19185,11.691862335156
19187,18.552912131073953
19189,17.88107202680067
19191,23.280006631299734
19193,20.61637493937657
19195,18.062471706654595
19197,15.957787016309563
20001,26.64630006788866
20003,20.622362869198312
20005,31.706989247311828
20007,12.425277540563622
20009,21.024258760107816
20011,23.082684242061113
20013,24.692462536345335
20015,28.231857318573184
20017,23.138832997987926
20019,12.934716290420988
20021,24.035933391761613
20023,15.675297410776768
20025,13.402061855670103
20027,21.37733142037303
20029,21.581046211588085
20031,21.11719605695509
20033,13.755458515283841
20035,30.025999578385214
20037,37.122258936617605
20039,14.552736982643525
20041,22.03444218633009
20043,18.495551361552977
20045,68.55197915791244
20047,18.93780573025856
20049,14.327700220426157
20051,27.07971014492754
20053,22.71293375394322
20055,36.652542372881356
20057,33.056646102075156
20059,29.574416927145947
20061,41.47662188899302
20063,11.284840244731475
20065,17.053103964098728
20067,20.71171531387445
20069,14.903846153846153
20071,12.168486739469579
20073,18.492037699057523
20075,16.41443538998836
20077,17.214339058999254
20079,38.979721532150904
20081,19.00709219858156
20083,14.736842105263156
20085,28.569258809234512
20087,32.65180944592108
20089,13.022113022113022
20091,53.06784864665596
20093,18.350515463917525
20095,19.042795644466953
20097,13.390557939914164
20099,31.005488730585075
20101,12.849162011173185
20103,38.05426144149082
20105,16.846105129829006
20107,17.756638921918352
20109,12.757201646090536
20111,43.28710323134115
20113,28.632774622523893
20115,24.807723776795942
20117,24.61869378177552
20119,14.410958904109588
20121,29.252383341695936
20123,17.99419542083199
20125,24.042901832265752
20127,25.14660227664712
20129,12.520868113522537
20131,16.308937368050668
20133,26.116038970481313
20135,9.847984137475214
20137,15.072463768115943
20139,26.58369632856254
20141,14.447300771208226
20143,15.85709808837355
20145,23.47572106608251
20147,11.434735706580366
20149,25.322938164029658
20151,22.552574329224075
20153,14.22872340425532
20155,31.802727175119
20157,15.957847196085812
20159,22.34313498495022
20161,50.71312224385205
20163,12.560207484253427
20165,17.59093619558736
20167,17.306028266512836
20169,33.4841628959276
20171,12.701784197111298
20173,42.85880333321412
20175,34.62410275783906
20177,50.217728848780595
20179,10.173010380622838
20181,14.521452145214523
20183,15.782057303898544
20185,17.551622418879056
20187,19.072164948453608
20189,11.669128508124077
20191,23.7097364568082
20193,16.404199475065617
20195,14.846625766871165
20197,24.705279343926193
20199,5.333333333333334
20201,16.4758931668401
20203,15.392561983471072
20205,18.28528072837633
20207,19.016817593790428
20209,64.7847142731355
21001,15.884970900376583
21003,17.53711417280786
21005,25.27945619335347
21007,19.526627218934912
21009,25.56469708302169
21011,27.954505064865824
21013,17.81162883313421
21015,31.211446835840068
21017,34.18023436689827
21019,32.57899820615427
21021,36.62127600746526
21023,18.85014137606032
21025,22.98180533474651
21027,23.04599391978033
21029,25.142979696883046
21031,17.624959163672003
21033,22.29309271935283
21035,33.2167631714728
21037,39.671943153195585
21039,17.55117513267627
21041,26.989117291414754
21043,22.805351747949935
21045,12.801561846325477
21047,34.7651175459917
21049,33.12003530450132
21051,10.948616600790514
21053,12.226277372262775
21055,17.23243752946723
21057,15.35207011181626
21059,35.099512591389114
21061,20.013048442342196
21063,23.772954924874792
21065,20.724992352401344
21067,59.32374364617723
21069,20.860458533823945
21071,23.753898844107393
21073,48.54368932038835
21075,32.67244940107394
21077,21.356196414653155
21079,21.027231988969323
21081,19.854132901134523
21083,20.913150781525445
21085,20.02837352916632
21087,15.82931865106676
21089,26.810079225352112
21091,29.45280139524744
21093,36.98534970678981
21095,13.61771944216571
21097,27.10945442222975
21099,22.798422750627314
21101,36.92478731631864
21103,26.421610953496977
21105,20.827648931332423
21107,25.287089125482353
21109,9.896940945525929
21111,59.12772311334316
21113,32.63494724010514
21115,15.777080062794349
21117,39.29580552443124
21119,22.588385858262676
21121,15.9270699917125
21123,20.599917819476783
21125,15.923408193045521
21127,17.800143781452192
21129,17.262128619781873
21131,9.270421949698607
21133,19.693486590038315
21135,13.989461159272478
21137,20.654265554842848
21139,18.768738756745954
21141,25.060748420541067
21143,25.82781456953642
21145,33.38205900778616
21147,11.266511266511268
21149,22.45922208281054
21151,35.487324328633576
21153,22.273228057289753
21155,30.48835125448029
21157,23.129367649565367
21159,10.254452926208652
21161,29.680824327720533
21163,25.740609496810773
21165,24.177949709864606
21167,25.84576054537708
21169,19.453312051077415
21171,12.326454033771107
21173,28.277634961439592
21175,21.1743450767841
21177,24.906880314849957
21179,30.922779092277906
21181,28.121319199057716
21183,21.605104700278602
21185,38.23281315900464
21187,20.124633431085044
21189,11.398416886543536
21191,19.090252707581225
21193,22.157269470111256
21195,19.165878271838537
21197,24.83197093551317
21199,17.959856676285
21201,22.076788830715532
21203,14.570217139920338
21205,38.57625770530921
21207,14.867434836111421
21209,36.490500863557855
21211,34.304647013847585
21213,30.70316078790655
21215,22.13666987487969
21217,23.66906474820144
21219,22.463091011025977
21221,24.284745762711864
21223,23.4313498495022
21225,23.251216545012166
21227,40.60811909450597
21229,26.418126305640367
21231,18.398268398268396
21233,23.56868636287765
21235,16.628657066527662
21237,28.163813360187984
21239,42.92945894418513
22001,19.148636763412487
22003,21.488277268093782
22005,32.73004412354592
22007,34.116599910992434
22009,28.793661808928984
22011,15.54074708076053
22013,43.50354609929078
22015,28.656115634434176
22017,52.52973921000458
22019,31.43123283694035
22021,15.644687106257873
22023,8.021787571180985
22025,26.121860848085632
22027,41.504559270516715
22029,35.98776619845945
22031,37.03175895765472
22033,55.51728775782728
22035,62.582345191040844
22037,40.7269959082691
22039,26.978977420192056
22041,27.34567901234568
22043,12.318994889267461
22045,33.708311680371715
22047,50.92409833123991
22049,28.079140461215935
22051,43.60485823272236
22053,21.615794083956608
22055,34.6530330681709
22057,19.1063717282101
22059,9.015119400876078
22061,39.2166018158236
22063,14.17905871531504
22065,56.83083511777301
22067,42.733713495766374
22069,41.657605412589106
22071,83.14859491955303
22073,37.464939421102855
22075,30.99691301979299
22077,37.854660092151
22079,33.08417565616241
22081,39.787028073572124
22083,32.44466800804829
22085,16.336353340883353
22087,34.84985835694051
22089,34.365466213136024
22091,54.335823319259504
22093,51.7077045274027
22095,63.372527062336694
22097,42.21217864606114
22099,31.211628078999926
22101,34.74079185715518
22103,26.94026122332453
22105,32.75524184457432
22107,52.03602192638998
22109,24.21712802768166
22111,23.694313007767164
22113,18.331869418825942
22115,16.782487838776927
22117,30.594987956746785
22119,33.88230127360562
22121,43.980988862878625
22123,14.05384006334125
22125,36.66241225271219
22127,24.78714859437751
23001,46.52381193039201
23003,38.54183927091964
23005,65.72220464081178
23007,45.84919597704415
23009,54.29140038120865
23011,48.06444949390622
23013,58.043945912722805
23015,53.16678542985287
23017,43.64093463472346
23019,43.78461216955174
23021,35.18407362945178
23023,55.716639209225704
23025,36.59096616797618
23027,50.2523813400635
23029,38.48036425725669
23031,54.325330809969316
24001,5.97761169674619
24003,11.163663493929597
24005,12.455486682155147
24009,9.197972023700446
24011,6.451817145751551
24013,7.267435485960908
24015,7.083140196367621
24017,13.893271358019174
24019,8.583588909056768
24021,10.668543762661814
24023,4.203446287873936
24025,8.515649251616212
24027,14.140892156755635
24029,9.874004076338707
24031,15.721761222161227
24033,17.851172753056925
24035,7.070980521624298
24037,8.313302793496812
24039,8.35912092244013
24041,9.808911549545556
24043,7.684976172560823
24045,9.54388090704518
24047,7.926540658231043
24510,17.456340199022154
25001,60.71730291990073
25003,72.04163241420629
25005,54.51194893447634
25007,77.01390507263264
25009,62.92949347501996
25011,69.8323372787945
25013,57.04347511017106
25015,71.73164877960421
25017,70.99535628465964
25019,71.4227309893704
25021,66.4924752215102
25023,57.139566261888305
25025,80.21646305301861
25027,57.199583372612494
26001,30.322763306908268
26003,40.035101404056164
26005,36.43992011208156
26007,35.35859508515528
26009,37.369114051037684
26011,31.412071113124224
26013,36.60227835562159
26015,32.856148168778724
26017,43.40054767239233
26019,44.69091502201925
26021,45.439429063854064
26023,29.99123490455785
26025,43.567538208536384
26027,34.82606042111688
26029,40.81764705882353
26031,34.26392740105874
26033,37.68280240335563
26035,31.93292795282845
26037,45.83637615540301
26039,33.9905864393843
26041,35.96047468204813
26043,32.5176502844609
26045,48.65608531409828
26047,43.567660188483565
26049,53.93476689555475
26051,30.97993562966514
26053,43.18896685216549
26055,47.61770369878478
26057,34.99241909342814
26059,25.246759934769546
26061,41.889627587697966
26063,29.777078700439336
26065,65.1760636457973
26067,33.844577602533455
26069,34.973637961335676
26071,36.72116659301812
26073,47.82978144862513
26075,39.56790047117894
26077,58.352741015521495
26079,28.238171385570503
26081,52.04709623097206
26083,43.15992292870906
26085,36.18535505298118
26087,31.08641975308642
26089,52.0414201183432
26091,39.19063231850117
26093,37.90969912812409
26095,28.057314228590467
26097,37.519600855310046
26099,45.31093198666278
26101,41.67178437393381
26103,54.62869040627836
26105,39.42274255245161
26107,35.03729393320348
26109,34.23494883794717
26111,41.7474739243807
26113,22.467161621930327
26115,37.837930876210585
26117,30.227414330218068
26119,27.7863116572794
26121,49.37367487343689
26123,28.986414344096318
26125,56.357167057614
26127,35.158583416299244
26129,29.18451331149744
26131,36.56677181913775
26133,26.06861870386893
26135,27.533853098071397
26137,32.140678999796705
26139,38.352112759538386
26141,34.88734419942474
26143,34.39872153415901
26145,49.43250539434344
26147,34.06651894334376
26149,33.154352806414664
26151,26.579345985921766
26153,33.487881981032665
26155,39.126555170303895
26157,29.587366276107996
26159,43.01182614037782
26161,72.607638920977
26163,68.44598490032311
26165,31.96277032575965
27001,35.98004987531172
27003,47.786692685144835
27005,33.962166898613475
27007,47.23634709992145
27009,32.70440251572327
27011,35.40685944855414
27013,50.844636764583505
27015,32.476938845234024
27017,49.57533506799548
27019,46.373623061738066
27021,34.67658155175242
27023,33.67115413704432
27025,34.15099797512294
27027,50.73668538106021
27029,26.762956669498728
27031,65.58066211245402
27033,30.031111838873425
27035,34.16722674433077
27037,55.72926000632962
27039,33.47009108065972
27041,32.55948686116284
27043,31.98129896386151
27045,37.484556461576474
27047,40.962064454750866
27049,41.22782511523956
27051,35.57744937055281
27053,70.45566683289923
27055,42.42132867132867
27057,34.415734670266104
27059,29.45327006395709
27061,40.60841082790558
27063,29.987970441656643
27065,30.015148236312488
27067,36.11931356186074
27069,38.12050018946571
27071,38.413753250505636
27073,35.79207920792079
27075,50.63871146903638
27077,27.865448504983387
27079,33.72577000832441
27081,30.080256821829852
27083,35.94198402233771
27085,30.63583815028902
27087,48.26388888888889
27089,25.327596323097985
27091,30.020891997456626
27093,28.583043831768794
27095,29.981618898495473
27097,22.32845894263217
27099,46.001550788317395
27101,29.59558823529412
27103,50.3111111111111
27105,33.65461847389558
27107,40.80209241499564
27109,54.156590250041035
27111,32.85255089425534
27113,35.289267555311255
27115,33.86663333541654
27117,26.437246963562757
27119,34.87879953828396
27121,35.27485046995158
27123,71.49879889315723
27125,31.46630236794171
27127,28.42829550941574
27129,30.708661417322837
27131,48.764221263240486
27133,29.69465648854962
27135,25.98266239163995
27137,56.64137336757828
27139,45.51810379128062
27141,32.483996259800044
27143,28.59678182678656
27145,37.57765073377733
27147,37.47160166603559
27149,37.79744346116027
27151,34.353937993452725
27153,24.786905031304215
27155,35.46137339055794
27157,35.78450049531357
27159,26.35143936433503
27161,33.65097699489845
27163,53.46072212295996
27165,38.2041915016343
27167,29.912536443148692
27169,49.06708865417878
27171,34.49154393031325
27173,30.535455861070908
28001,57.54051893306199
28003,17.615399227505858
28005,36.40911617565314
28007,40.14507537118894
28009,39.146654231755655
28011,64.78463329452853
28013,28.861911987860395
28015,30.328012629363272
28017,46.80014740203906
28019,28.060620412029362
28021,84.78309732524163
28023,34.03693931398417
28025,57.35597212680341
28027,70.81519821197506
28029,50.221221765116816
28031,36.495726495726494
28033,37.13020860700962
28035,43.45422379478107
28037,33.17641784353284
28039,11.023622047244094
28041,16.620784583620097
28043,43.38740720373935
28045,21.491625709786707
28047,36.595924400802446
28049,73.55367768388419
28051,81.1829944547135
28053,71.99809023633325
28055,52.51479289940828
28057,11.544505037434144
28059,31.855600168674258
28061,49.690934065934066
28063,85.13306038894575
28065,57.92692741026879
28067,28.3041440962414
28069,61.02303952652716
28071,42.99193100798361
28073,25.76794804282956
28075,41.47598169424265
28077,34.17510963254196
28079,42.358695652173914
28081,32.984250690047084
28083,70.21022675112457
28085,29.998214392000477
28087,48.0415550089938
28089,43.47826086956522
28091,31.099614026443295
28093,50.93886324840362
28095,34.03441682600382
28097,41.793103448275865
28099,27.856105272152437
28101,30.197387803201416
28103,75.66960104888555
28105,52.12835956876044
28107,47.373136238561464
28109,17.25960138143386
28111,23.02231237322515
28113,49.85584131011417
28115,18.202075064410554
28117,20.227358136039083
28119,66.6460012399256
28121,26.674686858679497
28123,40.34286779092518
28125,67.10948236371965
28127,34.16842996191282
28129,21.508346343220847
28131,22.873825844122877
28133,70.04441689908067
28135,54.61741424802111
28137,31.94836935767204
28139,19.174420906751138
28141,11.588969139855548
28143,72.43121841661988
28145,17.03067097689821
28147,39.823008849557525
28149,49.59863202393958
28151,69.43025322079076
28153,36.0381861575179
28155,19.332715477293792
28157,66.61012842258299
28159,43.74187960155911
28161,42.61667941851569
28163,52.66385588348026
29001,35.893962848297214
29003,24.107875307629204
29005,20.042643923240938
29007,25.375375375375377
29009,18.899858956276447
29011,13.888431792002635
29013,19.866920152091254
29015,20.80946926307751
29017,12.535517299013874
29019,54.91400491400491
29021,36.73698016285043
29023,18.19635080756298
29025,19.15847928235797
29027,27.762012864169506
29029,22.779300338545866
29031,26.681214044832373
29033,17.34333627537511
29035,14.428719364860202
29037,33.18701226309922
29039,16.2549687677456
29041,22.46750061319598
29043,23.76438438053759
29045,19.97642899233942
29047,46.930923053828344
29049,26.598089639970613
29051,32.11313213084065
29053,25.871390774186125
29055,19.256356511437165
29057,15.926195678562758
29059,17.02862783810464
29061,19.07440552288417
29063,19.20297336361759
29065,14.78577429291515
29067,14.514285714285712
29069,21.115270179479797
29071,27.137934246065008
29073,20.206992300896125
29075,18.937287611986406
29077,38.83497884344146
29079,18.007662835249043
29081,15.60376372190277
29083,24.276974416017797
29085,20.787401574803148
29087,14.425949637217242
29089,27.74941084053417
29091,17.25469168900804
29093,20.579268292682926
29095,46.93154395218361
29097,25.880577628361856
29099,32.15669134786781
29101,30.160446308869954
29103,18.338727076591155
29105,16.554516762936938
29107,26.221049545587803
29109,17.95029321418598
29111,21.34953352137123
29113,22.76862636983941
29115,22.26685295144953
29117,20.864160994377034
29119,15.895283331492324
29121,21.20980091883614
29123,17.952783650458066
29125,17.061412701739677
29127,23.988612526221157
29129,12.478920741989882
29131,16.459376514294945
29133,24.768713204373423
29135,18.27581388850077
29137,20.878875752844078
29139,20.928620928620926
29141,20.28038368293454
29143,24.110344827586207
29145,20.482309452561168
29147,28.838572728191654
29149,17.366533023844692
29151,13.755139938983952
29153,15.460526315789474
29155,27.201394943330428
29157,17.614057372710914
29159,25.04581871498141
29161,28.807236304170075
29163,22.31319038336582
29165,47.45765671381177
29167,19.151619755708975
29169,25.946995976134314
29171,15.290131300296483
29173,21.282232426704343
29175,23.129188384214444
29177,26.68898617907117
29179,16.04002425712553
29181,14.57057897498688
29183,40.32574082164879
29185,19.863289103337355
29186,28.60607338675664
29187,25.15624441984215
29189,61.17130149166925
29195,30.507406240151276
29197,18.622066899650523
29199,19.556451612903224
29201,21.180653535752583
29203,18.074756784434204
29205,17.671641791044777
29207,13.548339043646656
29209,18.96878212411405
29211,19.34439498178875
29213,20.309646987218503
29215,15.16570923552806
29217,20.718562874251496
29219,25.95374149659864
29221,18.083400160384926
29223,14.375637972099353
29225,19.026572234943288
29227,19.421860885275517
29229,13.36537361254148
29510,82.23759402989535
30001,28.404875463698993
30003,52.06939799331104
30005,50.978504972730185
30007,20.380766414449596
30009,34.330686330119114
30011,8.564814814814815
30013,38.7514103046258
30015,33.42327150084317
30017,25.83617747440273
30019,19.230769230769234
30021,19.93782383419689
30023,52.38192598650583
30025,10.920634920634921
30027,22.990625480252035
30029,33.82608115323011
30031,52.190084391157946
30033,5.043050430504305
30035,64.26918283781377
30037,15.50695825049702
30039,30.352045670789725
30041,41.50654413812308
30043,32.20463746779536
30045,20.461309523809522
30047,41.597497894863466
30049,46.712409795338935
30051,22.99168975069252
30053,24.13382140120882
30055,13.741134751773048
30057,29.094792180055855
30059,23.243243243243246
30061,26.765509168942646
30063,60.643401636478075
30065,14.335300242971192
30067,45.651046169808055
30069,11.206896551724139
30071,17.46431570109152
30073,30.150250417362273
30075,13.556338028169016
30077,23.655237496067947
30079,16.93548387096774
30081,30.739818290244504
30083,15.091410831321145
30085,47.547921334329104
30087,31.778425655976676
30089,23.878247179218054
30091,28.27586206896552
30093,55.69728802658377
30095,20.195667365478688
30097,22.444807849550287
30099,27.37156836096765
30101,22.0386974988202
30103,16.956521739130434
30105,24.172729406242667
30107,21.06741573033708
30109,12.876254180602006
30111,36.60061321148638
31001,28.852212025749896
31003,12.615126988557074
31005,7.394366197183098
31007,10.487804878048781
31009,11.041009463722396
31011,15.511345974510412
31013,20.285659139162323
31015,11.70858629661752
31017,11.375818939845146
31019,26.919326804866678
31021,28.491021173948006
31023,19.4086260560249
31025,30.99319549856059
31027,14.511609287429945
31029,11.339688911189162
31031,11.424196018376723
31033,17.94333683105981
31035,17.762788083192802
31037,27.57600215227334
31039,19.5461694001348
31041,13.115301184715502
31043,40.38857815719753
31045,26.255763164280516
31047,27.20636304205709
31049,13.662790697674417
31051,21.115796302302954
31053,32.8513865844987
31055,54.68247069477834
31057,10.51051051051051
31059,22.112316528398214
31061,16.009280742459396
31063,13.125
31065,15.340253748558247
31067,30.583664618720636
31069,13.472803347280335
31071,12.372093023255815
31073,19.230769230769234
31075,4.975124378109453
31077,18.20349761526232
31079,31.513087716419136
31081,20.206036508223388
31083,14.626556016597512
31085,6.367041198501873
31087,11.91286589516678
31089,12.389380530973451
31091,13.34841628959276
31093,18.50899742930591
31095,27.341227125941874
31097,29.02646926873037
31099,19.450610432852386
31101,17.4839596700275
31103,9.262759924385634
31105,14.300960512273212
31107,19.267617628273364
31109,52.72116906163712
31111,21.581808616355875
31113,8.444444444444445
31115,16.519823788546255
31117,5.629139072847682
31119,22.06152870282271
31121,17.453605825698848
31123,15.09581540868205
31125,19.63894967177243
31127,26.906222611744084
31129,17.7594442032132
31131,29.94588093806374
31133,22.533240027991603
31135,12.888601036269431
31137,15.01297664204432
31139,11.982026959560658
31141,20.80010208639061
31143,18.409169850642584
31145,14.87527512839325
31147,24.139602520601066
31149,9.988109393579073
31151,34.41941074523397
31153,43.06962256854076
31155,26.156262269336473
31157,27.125218178292066
31159,26.668125136731568
31161,12.724550898203594
31163,20.200235571260304
31165,9.876543209876543
31167,16.83011705156596
31169,20.93959731543624
31171,10.53864168618267
31173,48.25806451612903
31175,17.60683760683761
31177,28.63127366470636
31179,24.333333333333336
31181,17.857142857142858
31183,11.752988047808765
31185,22.81954360912782
32001,23.662759102554148
32003,53.66375675197571
32005,33.91271213764399
32007,20.74509268114952
32009,15.0
32011,10.317460317460316
32013,21.734654484622315
32015,17.93851717902351
32017,13.49141455437449
32019,28.026067683350426
32021,35.41039965620971
32023,28.71610970996217
32027,23.57758620689655
32029,31.380753138075313
32031,50.82315959929512
32033,19.61952784781114
32510,42.82255623928175
33001,44.005105363236176
33003,50.115890551157406
33005,57.71596562641339
33007,46.2609748713291
33009,61.48315606122373
33011,52.97630130639427
33013,54.042647959467736
33015,50.334510407549374
33017,56.689222240339156
33019,50.820344544708774
34001,52.70832887003593
34003,57.67219455923074
34005,59.11922507715194
34007,66.15813102760227
34009,41.48213605017846
34011,52.464427637482366
34013,77.26947592170536
34015,50.21719740058151
34017,72.62437462477487
34019,46.83768191638375
34021,69.38234694570905
34023,60.436155379018174
34025,47.941430804096775
34027,51.409852934298186
34029,34.97815622108481
34031,57.70807350686389
34033,42.68321443311125
34035,59.81577432354634
34037,39.20077307867212
34039,67.29290765284141
34041,40.96435093029759
35001,61.008533014263676
35003,25.580395528804818
35005,28.43202780376955
35006,53.29664158148939
35007,43.400930851063826
35009,28.52128998079597
35011,25.638179800221977
35013,58.030517539719995
35015,23.357161312548445
35017,52.580533425701425
35019,56.37277295568753
35021,35.445544554455445
35023,41.6919959473151
35025,19.41390190266756
35027,30.991655346400155
35028,61.44960546652567
35029,43.97136862890287
35031,68.06992373329305
35033,64.96649292628443
35035,35.997624199227864
35037,30.20914020139427
35039,66.0933365407746
35041,27.269975786924938
35043,53.01324416812518
35045,34.57949286725054
35047,68.40690313069118
35049,76.04558113515026
35051,38.09924306139613
35053,51.98324022346369
35055,76.36924509632735
35057,32.19338003021563
35059,21.40860816098379
35061,44.18936084518388
36000,78.78810055252661
36001,64.29000756170545
36003,28.94472361809045
36005,82.18659155085928
36007,50.28130147389137
36009,33.92255411502656
36011,43.930903155603914
36013,38.6264012046177
36015,41.892674573795674
36017,36.98086273810055
36019,51.53071246176727
36021,56.9743718733406
36023,47.364334003288874
36025,39.62468579353385
36027,53.62007781998697
36029,56.03634327278218
36031,51.088854648176685
36033,47.646755921730175
36035,32.94699235626454
36037,32.70361183785804
36039,40.8609794628752
36041,33.76325594726283
36043,33.61637347767253
36045,39.21910761630674
36047,76.4151763402073
36049,29.334151580239336
36051,39.41432903714935
36053,43.21193019319442
36055,58.864821029520286
36057,37.545890991245415
36059,53.69997927865335
36061,85.97600530364055
36063,43.89315888848626
36065,40.87378067967275
36067,58.93179908861791
36069,48.30656569859366
36071,48.864141253858804
36073,30.50671617341924
36075,38.54554072777656
36077,45.97314247245154
36079,45.108283018185766
36081,71.62233259240426
36083,51.23558690377929
36085,41.76109114773358
36087,50.07365521432676
36089,42.77067179181302
36091,51.26763305280182
36093,56.33382417320014
36095,33.80771663504111
36097,39.83059495866925
36099,43.98778470543326
36101,33.94530914094075
36103,48.556691917026114
36105,44.08801093020608
36107,38.27572506952722
36109,73.00859972202919
36111,59.056642216788916
36113,48.47502335549816
36115,40.92936013590034
36117,38.76440674202216
36119,67.57401057834792
36121,26.038084483909046
36123,39.10826844642195
37001,11.274407313191855
37003,5.120824273571852
37005,6.114219881500987
37007,12.928801143469714
37009,6.582774756544834
37011,5.791393529287376
37013,9.151624548736462
37015,15.127356087620988
37017,10.694890510948905
37019,9.234821181036873
37021,14.93402199679394
37023,7.352809291063181
37025,11.12414375527822
37027,5.980176982885428
37029,6.454728708214345
37031,7.081039934418549
37033,10.082150858849888
37035,7.6982319448606535
37037,13.779604518611494
37039,5.4542410034707425
37041,10.42844295991778
37043,6.162048454954301
37045,8.261382240586263
37047,8.92951675111548
37049,9.963252614717799
37051,14.350832483860007
37053,6.495014553787081
37055,10.250907890392869
37057,6.393338906839596
37059,6.630516376279089
37061,9.648910411622277
37063,20.10516135486955
37065,15.787769360599757
37067,14.039971182988026
37069,10.628229498540868
37071,8.865737934856014
37073,10.6598559705242
37075,4.84994640943194
37077,11.523672384328123
37079,10.944818919227693
37081,15.210414572246087
37083,15.086959897511548
37085,9.474979843205872
37087,8.992392315691532
37089,9.949759400915594
37091,16.684690615008464
37093,13.637413928554922
37095,10.493579454253611
37097,8.275781227105332
37099,11.189798394623857
37101,9.262327469310417
37103,9.941176470588236
37105,10.465216492002206
37107,11.972438311802598
37109,6.608319891670152
37111,6.338303699517454
37113,7.508557103601215
37115,9.370220250841236
37117,11.784290271132376
37119,16.669826277261564
37121,5.162592633558235
37123,8.418943108413107
37125,8.90442071341641
37127,12.40984484704712
37129,12.542289311992718
37131,15.007418397626113
37133,8.398283380632657
37135,18.704777815687613
37137,8.888088061852969
37139,12.353621148916922
37141,8.577219116743247
37143,8.324425440940674
37145,9.665890198227824
37147,13.489317483699315
37149,9.139828451205696
37151,5.325576954552894
37153,10.54038433752348
37155,10.076714418920064
37157,8.36244221799243
37159,7.871757846556234
37161,6.633216184030904
37163,9.579635194632749
37165,12.159052453468696
37167,5.987948967264798
37169,5.141823275358935
37171,5.950788798515203
37173,9.83305036785512
37175,10.346010586159576
37177,10.42927903137039
37179,9.297883383837998
37181,14.799514262583932
37183,15.563363562983715
37185,15.544544836296511
37187,13.682514101531023
37189,13.285226567349472
37191,10.900390730503988
37193,5.294507415552924
37195,12.737203878728367
37197,4.721929428298951
37199,8.121916842847074
38001,20.33096926713948
38003,32.70440251572327
38005,41.917389087200405
38007,11.338582677165354
38009,23.653125900316912
38011,13.759806879903442
38013,11.861471861471863
38015,28.27025003448072
38017,46.844386598956454
38019,23.465346534653463
38021,25.082508250825082
38023,22.04658901830283
38025,14.627887082976903
38027,30.37272006344171
38029,11.796913887506221
38031,20.97862767154106
38033,13.352826510721247
38035,41.58863416209235
38037,14.98913830557567
38039,24.64
38041,14.939024390243901
38043,15.136986301369863
38045,23.749436683190623
38047,11.895910780669144
38049,18.78121878121878
38051,17.938144329896907
38053,15.02122162760657
38055,22.21820809248555
38057,15.058823529411763
38059,23.29863409350743
38061,30.15606242496999
38063,32.97692740574001
38065,12.101313320825517
38067,23.596517562293606
38069,23.355263157894736
38071,30.51005212211467
38073,38.50855745721272
38075,16.67930250189538
38077,32.13005632360471
38079,65.24710830704522
38081,35.65217391304348
38083,12.807881773399016
38085,67.79089376053963
38087,10.304449648711945
38089,16.6046511627907
38091,36.029411764705884
38093,26.870167687518826
38095,27.001703577512775
38097,36.09767891682785
38099,27.869537946895257
38101,25.81958507399278
38103,18.618365627632688
38105,15.131854332356633
39001,17.752161383285305
39003,29.47339915843853
39005,24.771823518273052
39007,37.36833759938388
39009,56.68674929966614
39011,18.04321682119719
39013,27.617263056092845
39015,20.762229806598405
39017,37.27863251524872
39019,22.87503518153673
39021,25.345483677148007
39023,37.49454930542578
39025,30.858073859522083
39027,22.88205777756126
39029,26.793020457280388
39031,24.643049166616883
39033,23.764865126172293
39035,66.51685393258427
39037,17.435689540797522
39039,30.860120736804085
39041,45.79598635678591
39043,43.36928226106359
39045,37.478844330280516
39047,23.588645734221377
39049,64.8840664978266
39051,29.266578831796224
39053,21.668236828755706
39055,37.844736795130395
39057,39.256342858432134
39059,25.10696653867252
39061,57.147697184454984
39063,30.324211395114904
39065,23.114667471880427
39067,23.09601567602874
39069,27.512869141154162
39071,19.307786135393375
39073,28.067129629629626
39075,15.401251255117016
39077,28.536226553880102
39079,22.380694876301202
39081,30.0281757688388
39083,27.35524555704185
39085,42.53653004773617
39087,26.625662175134213
39089,35.086508863178004
39091,21.632146525162614
39093,48.061764388295
39095,57.52630555818625
39097,28.698060941828256
39099,48.45165845703814
39101,29.725357682076353
39103,37.60926057169856
39105,22.755912702036344
39107,16.960565632759565
39109,27.018215690333264
39111,22.45383324006715
39113,50.30222900877078
39115,25.193515408207972
39117,21.93205829766484
39119,29.583590757444707
39121,18.445530506069684
39123,37.52238930311992
39125,23.3759374669906
39127,24.575712143928037
39129,25.835661985780483
39131,25.056397035127297
39133,43.031421951925864
39135,20.60158650098583
39137,16.038351488379096
39139,29.41225510629429
39141,31.70365476440734
39143,35.23309170712243
39145,28.333385340281463
39147,32.02634637737311
39149,17.67756750336527
39151,39.9749314036834
39153,54.07579339187729
39155,44.07778140810487
39157,29.283198909462683
39159,33.31140678726267
39161,20.49448713665219
39163,22.07296849087894
39165,33.84937545922116
39167,28.856420342792923
39169,30.69100823462226
39171,25.96107447321859
39173,45.2934301818128
39175,23.99473222124671
40001,6.504408178578128
40003,3.418803418803419
40005,4.73186119873817
40007,2.9078665442301808
40009,4.39523569870827
40011,5.878834486883705
40013,6.93331664162911
40015,9.027284714474085
40017,9.009794424712087
40019,7.649263309204785
40021,11.341311956644462
40023,6.1842706904435305
40025,2.213788741302973
40027,13.866486333049474
40029,4.939249867934495
40031,12.860524075477347
40033,5.093312597200622
40035,6.725243147656941
40037,7.186799978145659
40039,7.38627506001933
40041,6.711123997293901
40043,3.0238801752154867
40045,2.8830752802989856
40047,7.31015009659682
40049,5.691875724836721
40051,5.979539125290391
40053,4.1928721174004195
40055,5.541476600777159
40057,6.32368703108253
40059,3.048643801838153
40061,5.2054248105305145
40063,6.307048246517054
40065,6.673965048858614
40067,4.4584206848357795
40069,5.7868736767819335
40071,7.807215877248923
40073,4.403196700180459
40075,6.7989495185293265
40077,5.977877147564133
40079,5.847735531330319
40081,5.841393516030808
40083,8.428355118815858
40085,5.8145240431795875
40087,6.207111665626949
40089,5.401005784715561
40091,8.122375524895022
40093,3.0766272473800598
40095,6.046613896218118
40097,7.179518023978508
40099,6.5377219771519055
40101,10.668102016134391
40103,6.770622384231133
40105,5.404995065664616
40107,7.396400858510814
40109,16.028137793761736
40111,10.146952653764643
40113,9.741292563378453
40115,7.827708806900974
40117,6.695156695156696
40119,12.261467013010378
40121,7.007364427583129
40123,8.957789382071367
40125,8.60386730530424
40127,4.698600267285643
40129,3.0534351145038165
40131,7.174226950672981
40133,8.59621766422774
40135,6.57524156159279
40137,5.5167829843801925
40139,5.397572903459518
40141,7.348596750369277
40143,13.623920983358207
40145,7.983851189465542
40147,8.212416492915194
40149,4.172772311771684
40151,5.356171832517672
40153,4.303147077713552
41001,23.620620217478855
41003,67.8554518077994
41005,53.95977165387944
41007,54.019238812212464
41009,42.937835573073464
41011,38.41672285906945
41013,24.605126877265665
41015,40.5896147403685
41017,52.670999888209266
41019,29.77513248069123
41021,27.504244482173174
41023,20.213228894691035
41025,19.950903816112476
41027,66.95187165775401
41029,46.77230369991743
41031,36.8756820280366
41033,35.729362328382486
41035,28.285138593911668
41037,18.152647261058906
41039,60.45632679873838
41041,56.58074594805702
41043,36.497797356828194
41045,27.617756692646562
41047,48.85522007563401
41049,26.787807737397422
41051,79.20670147673182
41053,47.45604771075356
41055,21.52317880794702
41057,47.76172430127901
41059,32.40813608571948
41061,28.466274089935762
41063,31.559526121577004
41065,46.73743807501769
41067,65.53948165306593
41069,22.487046632124354
41071,46.11781477521511
42001,32.20198089847896
42003,59.614468143047496
42005,23.25268078086335
42007,40.50275174773167
42009,15.837383041996084
42011,45.19558236839545
42013,27.731739916660114
42015,26.678603401969564
42017,51.664420519188155
42019,33.103570010149596
42021,30.79037605917193
42023,26.047658175842237
42025,33.34027178922953
42027,51.688539610029295
42029,57.987548568848524
42031,23.998358385061305
42033,24.537060524580184
42035,31.217021276595748
42037,33.78781559783132
42039,30.76849823826302
42041,43.95988558918041
42043,53.59576027360078
42045,62.94708338034526
42047,26.747900153791555
42049,49.8136165680646
42051,32.900432900432904
42053,27.513227513227513
42055,27.755839718752707
42057,13.601604613263133
42059,27.794442243477274
42061,23.88996138996139
42063,30.666537210544202
42065,19.834384858044164
42067,18.70796313210994
42069,53.713716315743866
42071,41.33864308679377
42073,34.677489365396305
42075,33.400323787193656
42077,53.211197912437136
42079,42.31188160786846
42081,28.641104398015322
42083,26.189253056611527
42085,36.351244090140455
42087,21.407310947818807
42089,52.55937682663517
42091,62.62993549044707
42093,38.593797973595336
42095,49.77536240362228
42097,29.981316368280396
42099,24.135972740548432
42101,81.4416956555167
42103,39.992013270258646
42105,19.042365401588704
42107,29.357109471268927
42109,25.653082549634277
42111,21.345238388871074
42113,25.618915159944365
42115,28.6686281721221
42117,23.511269276393833
42119,37.16132239622173
42121,28.59243063932449
42123,29.37530266343826
42125,38.05601039855501
42127,32.720993983409876
42129,35.2369599945285
42131,31.65971193969579
42133,36.949566194631636
44001,63.52278726024987
44003,52.75692049885598
44005,63.8944266273728
44007,60.51777442814862
44009,58.57086510649487
45001,5.497466420011261
45003,6.314687640625307
45005,12.607848594489285
45007,4.7122752611185685
45009,10.31060372313072
45011,7.6220004521525695
45013,7.396637195277764
45015,7.215499690465705
45017,7.849877377075544
45019,9.25147470722892
45021,4.605592929692652
45023,7.341710562501322
45025,6.561241788514516
45027,8.217295165242335
45029,7.434873550104583
45031,7.825112338176471
45033,8.18767015240567
45035,7.294874781093369
45037,6.204900781719783
45039,10.137881784223248
45041,8.048622952513822
45043,7.191556670666522
45045,6.6516885850232095
45047,6.324335020516986
45049,9.53430055525703
45051,5.487433980179217
45053,8.319438654995137
45055,6.29367510184662
45057,6.329042004224486
45059,5.5535511239394735
45061,10.534535246906259
45063,5.683715160570343
45065,7.860862442221052
45067,10.056220529561118
45069,9.158949269031394
45071,6.224393036695114
45073,4.267892855971935
45075,11.04032682117866
45077,3.9519109350201
45079,11.399634716389265
45081,5.324922723024944
45083,5.93387373448589
45085,9.327814118288362
45087,6.204269442558648
45089,10.72776561359608
45091,6.827259053569362
46003,22.562277580071175
46005,29.755684225391892
46007,39.391377852916314
46009,24.025324891702766
46011,41.944120271847325
46013,37.25993047244543
46015,27.028112449799195
46017,64.11657559198542
46019,19.55435235318617
46021,13.402061855670103
46023,31.112873380914618
46025,23.62162162162162
46027,54.10670410670411
46029,29.154319580578985
46031,48.480124707716286
46033,27.702948671277756
46035,31.32245091081145
46037,35.49257759784076
46039,25.914893617021278
46041,57.527975584944045
46043,12.65377855887522
46045,21.007556675062972
46047,26.051459673428994
46049,16.751269035532996
46051,28.197596795727637
46053,20.150575730735167
46055,9.234828496042216
46057,20.986052546221213
46059,20.315904139433552
46061,23.3249581239531
46063,6.027060270602706
46065,33.85303221368795
46067,20.228298380674275
46069,19.154929577464788
46071,32.19730941704036
46073,26.838966202783297
46075,15.025041736227045
46077,29.47103274559194
46079,35.21198705942449
46081,32.810240092565806
46083,36.982960859365356
46085,32.87413901064496
46087,26.517241379310345
46089,16.76737160120846
46091,39.39393939393939
46093,24.03072421360644
46095,38.751625487646294
46097,28.119507908611602
46099,43.846803717262745
46101,36.7747972551466
46103,35.825306860461076
46105,14.319952067106051
46107,16.44927536231884
46109,42.4425354074762
46111,21.68776371308017
46113,88.40625
46115,31.552323743281697
46117,25.484261501210653
46119,19.892473118279568
46121,77.3139031114612
46123,18.36053412462908
46125,25.043975373790676
46127,30.77357425183512
46129,21.899224806201552
46135,36.84403669724771
46137,53.09050772626932
47001,33.00815293786899
47003,23.328792958927075
47005,21.06060606060606
47007,16.863494268843347
47009,26.921286913179898
47011,21.478251389948763
47013,16.34634701667448
47015,19.231355802958667
47017,21.495170096598066
47019,18.49175240894986
47021,27.21618953603159
47023,18.61814345991561
47025,17.01042873696408
47027,20.96406160867085
47029,17.0469075980887
47031,23.494769788320564
47033,22.60385999345764
47035,20.84327271600731
47037,64.49147123600876
47039,17.248616676206833
47041,20.556795489251733
47043,25.103811207499078
47045,20.943033357649714
47047,30.57344239470936
47049,13.907664108145262
47051,25.423374451181267
47053,25.83837027087531
47055,24.97917140043929
47057,14.47602131438721
47059,18.510342863246343
47061,16.874466268146886
47063,22.329584669725143
47065,44.135746553447134
47067,13.192419825072887
47069,41.53830865547054
47071,15.383948691280985
47073,16.447792458910733
47075,53.931980104852805
47077,17.40432612312812
47079,23.579451053366117
47081,21.663954434499594
47083,23.629951166576234
47085,24.490043710539098
47087,21.3225624647755
47089,19.706978319783197
47091,15.972311242148443
47093,41.45069732856961
47095,25.860373647984268
47097,35.616285554935864
47099,17.069131317448445
47101,19.11214120164022
47103,18.7019477191184
47105,23.675333083449758
47107,19.090351952372615
47109,17.232815964523283
47111,13.776747127648362
47113,42.81722933643772
47115,23.966505733252866
47117,24.23040731281086
47119,30.902115438197914
47121,18.22125813449024
47123,18.098764244843007
47125,42.30438521066208
47127,16.191014410850524
47129,14.183276616431698
47131,19.147992012425117
47133,20.25505629172063
47135,17.94049008168028
47137,17.911975435005118
47139,17.846889952153113
47141,27.34200577501265
47143,17.371855980054267
47145,23.316741906856503
47147,25.779280481656137
47149,41.24397058619108
47151,10.892620415377817
47153,17.898510755653614
47155,20.032158033765935
47157,64.41611809817958
47159,19.909402275991603
47161,19.567979669631512
47163,23.22847882512743
47165,29.88232753967397
47167,25.036619305697965
47169,25.312656328164078
47171,19.44143493439268
47173,15.376092576634248
47175,18.623758986648408
47177,24.51121244300081
47179,30.958590103483214
47181,12.295696506222823
47183,21.98762286130324
47185,18.01597309794031
47187,36.08289693272717
47189,29.93945916857258
48001,20.57003172621834
48003,14.497697424526693
48005,26.444727251692022
48007,23.726606997558992
48009,9.299416180150125
48011,6.744604316546762
48013,32.431835743459544
48015,20.27621272502405
48017,21.989247311827956
48019,19.70114038537161
48021,42.20373653347879
48023,10.752056404230318
48025,34.904458598726116
48027,44.76074582924436
48029,58.17871404144688
48031,25.68203198494826
48033,3.8461538461538463
48035,17.10497479728249
48037,28.08865424322417
48039,40.151241418469006
48041,41.557235395774796
48043,46.82704272086271
48045,10.758620689655173
48047,59.17874396135265
48049,13.194313983342726
48051,20.768962713439425
48053,22.814257393696646
48055,44.560208375075135
48057,27.342158859470466
48059,10.743559718969555
48061,56.10997249811691
48063,27.549407114624508
48065,9.513132607303012
48067,20.068930853737342
48069,22.371579452712435
48071,18.460188435248476
48073,21.580889891326635
48075,13.602457218078104
48077,10.689415041782729
48079,17.7
48081,10.005621135469363
48083,10.935984481086324
48085,47.04944016167674
48087,12.725779967159278
48089,24.260651629072683
48091,27.928272510462133
48093,14.015773907328294
48095,15.53627760252366
48097,16.89829437776374
48099,32.2010811731154
48101,17.069486404833835
48103,16.03459747172322
48105,21.855146124523507
48107,26.984126984126984
48109,50.69444444444444
48111,12.243629583592293
48113,65.09770484957107
48115,21.324887833201373
48117,27.418655097613883
48119,15.547839506172838
48121,45.146232689896735
48123,18.403547671840354
48125,13.157894736842104
48127,61.75668303327878
48129,12.014563106796118
48131,50.95982584603206
48133,11.853370312311588
48135,25.49169114843803
48137,15.75984990619137
48139,32.24240581100207
48141,66.7816397916987
48143,17.299477930707166
48145,30.963639328224364
48147,17.69174385286866
48149,20.562553125724442
48151,19.27710843373494
48153,21.481118195193723
48155,17.96733212341198
48157,54.69771813131793
48159,16.05110800558994
48161,18.76937205831707
48163,45.87990149649555
48165,9.606404269513009
48167,37.94789113891397
48169,13.974591651542651
48171,20.037854889589905
48173,5.972434915773354
48175,21.952440550688358
48177,25.47071129707113
48179,10.652788486250321
48181,24.390489962000203
48183,30.836563711391772
48185,22.821008538746575
48187,37.110758963655805
48189,23.77425412059253
48191,14.37125748502994
48193,14.732245460813607
48195,8.109428431851489
48197,15.253164556962027
48199,12.571015017188348
48201,55.959466558753014
48203,26.6110307231551
48205,9.384023099133783
48207,15.943992773261066
48209,54.41199323552265
48211,11.976744186046512
48213,19.43993171242118
48215,58.03906122670723
48217,19.154778648449536
48219,18.296296296296298
48221,17.35656556344304
48223,19.107960604729943
48225,24.517906336088156
48227,20.203105165511182
48229,31.84549356223176
48231,23.07433220198461
48233,10.99965804171891
48235,13.498312710911136
48237,8.751983077736647
48239,16.26003462930899
48241,18.9225546089296
48243,38.39080459770115
48245,48.62123914351144
48247,58.79174852652259
48249,44.7655278367108
48251,22.86031657872813
48253,14.819759679572764
48255,23.495811119573496
48257,32.45001586797842
48259,22.758203538484803
48261,33.50515463917525
48263,10.173160173160174
48265,23.514146693097857
48267,12.390924956369982
48269,5.031446540880504
48271,27.822832189644416
48273,48.5562865497076
48275,18.20054945054945
48277,20.790970991511987
48279,19.047619047619047
48281,20.617367054524475
48283,43.72402327514547
48285,13.072472295773267
48287,21.639668603932236
48289,12.35877334563062
48291,19.721142701302245
48293,24.332050577240242
48295,9.682187730968218
48297,16.20498614958449
48299,19.47077409162717
48301,6.0606060606060606
48303,33.12199442131488
48305,18.665503706934146
48307,14.260768335273575
48309,37.48569560241949
48311,10.271317829457365
48313,20.53605134012835
48315,27.528782894736842
48317,13.333333333333334
48319,18.47210994341148
48321,27.194580024768705
48323,54.29427863938485
48325,29.89363110738403
48327,19.16342412451362
48329,20.94666915849743
48331,23.596142938173568
48333,10.818363273453095
48335,15.393563396665375
48337,11.172217130053976
48339,27.39050537115669
48341,19.28104575163399
48343,29.872919276892784
48345,7.05521472392638
48347,33.600896023893974
48349,26.674684934372223
48351,19.248441089596323
48353,21.69124509986933
48355,47.851117638742714
48357,9.569074778200253
48359,8.02775024777007
48361,17.661276879479914
48363,17.439346625030026
48365,17.963496637848223
48367,17.098833543505677
48369,18.41509433962264
48371,29.605826906598114
48373,22.273215910030597
48375,29.75972643009269
48377,65.99007668019846
48379,13.91045762431852
48381,19.794662460958033
48383,15.302491103202847
48385,16.145307769929364
48387,21.460558043403378
48389,37.81512605042017
48391,32.91740938799762
48393,3.090909090909091
48395,29.312260772934927
48397,30.454064686125697
48399,12.519845770015877
48401,21.654114234925387
48403,12.183573119650337
48405,24.48775612193903
48407,18.488924050632914
48409,34.71476574871577
48411,11.029976940814757
48413,18.2053494391717
48415,13.935264054514478
48417,7.985257985257984
48419,20.50163576881134
48421,9.173387096774194
48423,29.588666087182407
48425,15.524560339599757
48427,52.057061340941516
48429,10.447368421052632
48431,7.981220657276995
48433,15.760869565217392
48435,20.68079640333976
48437,20.29723991507431
48439,49.307353446819626
48441,26.458692300716425
48443,25.982532751091703
48445,20.957918050941306
48447,9.172259507829978
48449,27.094203585997533
48451,27.071444370714442
48453,71.6197674896274
48455,19.068895935428078
48457,14.523809523809526
48459,15.228668219352107
48461,12.426900584795321
48463,39.375483372003096
48465,44.31282722513089
48467,13.508010296208075
48469,30.36153036153036
48471,33.3898017956971
48473,36.02973519838128
48475,18.817733990147783
48477,24.450565214896425
48479,61.143032589148646
48481,28.00548893264125
48483,7.188703465982028
48485,28.58601216333623
48487,21.131741821396993
48489,56.010091908451976
48491,49.660686225414864
48493,25.386798864590414
48495,16.839134524929445
48497,15.365363818940214
48499,15.404539268624609
48501,15.96351197263398
48503,12.550066755674234
48505,47.13474445018069
48507,65.40306005937428
49001,2.879032258064516
49003,4.138141583095881
49005,7.132698173343844
49007,6.3827516277084
49009,4.483037156704362
49011,8.452041645565147
49013,2.461745123233267
49015,2.9195590036749692
49017,4.703513909224012
49019,13.529411764705882
49021,4.871733588272785
49023,2.749360613810742
49025,6.4772727272727275
49027,2.5201938610662356
49029,4.109900090826522
49031,2.4684270952927667
49033,3.287070854638422
49035,17.679965701942315
49037,11.316707866802385
49039,3.552475247524752
49041,2.615325226790195
49043,14.60936901019704
49045,7.096267377642354
49047,2.7167875579951644
49049,6.6863123755654525
49051,8.694491287240021
49053,5.635774678818492
49055,5.629241209130167
49057,9.132384226636624
50001,66.73300605899783
50003,61.259492689982956
50005,56.26731758807231
50007,75.38421786987752
50009,44.60703327826292
50011,52.209266646210494
50013,57.869249394673126
50015,68.70973914152688
50017,56.13740252756118
50019,50.233130423520265
50021,53.911192913838725
50023,71.05732484076434
50025,70.49416561225924
50027,68.24666740112372
51001,14.892111779271314
51003,21.892963381123984
51005,9.11455158681783
51007,10.180727979055822
51009,11.118298539645203
51011,8.6965904186448
51013,26.858601233500845
51015,8.546604222842454
51017,8.6098893775823
51019,8.3393261966892
51021,5.097250167672703
51023,8.994934431662168
51025,19.090756584465694
51027,5.312845234508386
51029,14.232992988067414
51031,8.996354636968663
51033,15.67002292075966
51035,6.050541823678439
51036,19.695263829467837
51037,12.475098260916385
51041,17.476894412983256
51043,13.994502159865768
51045,6.172450052576236
51047,13.051335005163004
51049,13.972018319844407
51051,6.856439031066102
51053,13.746797420266807
51057,16.391496708751486
51059,23.281934259525684
51061,13.407066474319343
51063,10.638900694149314
51065,15.595944297193823
51067,9.405018403806446
51069,11.773198133475649
51071,7.830318878477518
51073,10.417040627056782
51075,13.144958313669969
51077,6.292788914852622
51079,12.266124517516722
51081,19.14443958606617
51083,14.003361098933217
51085,11.88322909036269
51087,21.19887906280631
51089,11.65421694439124
51091,9.067188519243313
51093,13.356923601637108
51095,17.15922292283621
51097,12.879708383961116
51099,12.66137157048804
51101,10.12076619788271
51103,15.6972408650261
51105,4.989779162896686
51107,20.501742408079085
51109,12.576808420027985
51111,13.428857047650784
51113,11.057830238944218
51115,10.436324126493966
51117,13.991896505625142
51119,12.237779415377057
51121,17.184389131898957
51125,15.479001216283894
51127,10.64427705986686
51131,18.157060804119627
51133,13.870761356365962
51135,13.991711406235282
51137,12.840898140117568
51139,8.009695807362421
51141,6.830973606012934
51143,9.850897439643166
51145,8.986638287808915
51147,17.3124456048738
51149,13.576848825429593
51153,20.861973040343106
51155,9.442463284635148
51157,14.03226886255607
51159,12.294815537136357
51161,12.698773284870512
51163,11.004282136220409
51165,9.6179153069685
51167,5.9091588226505305
51169,5.189069831631245
51171,9.621122558126443
51173,7.093001320505565
51175,13.519313304721031
51177,15.183380467446481
51179,16.846877393914276
51181,17.870722433460077
51183,18.520702306079663
51185,5.301376207489745
51187,10.408095710975553
51191,7.687124618083388
51193,15.081758477415896
51195,6.239341960076236
51197,6.950618103009797
51199,15.195105393862837
51510,26.756825535318285
51520,9.866905554133606
51530,9.906340057636887
51540,28.49158165723647
51550,17.388103882767762
51570,10.81513828238719
51580,12.344730439236779
51590,20.062362938596493
51595,22.539149888143175
51600,22.67368577148365
51610,27.00986506406622
51620,20.710301837270343
51630,22.047060650772696
51640,9.814323607427056
51650,23.358652859691414
51660,21.494178903644766
51670,18.799335272122974
51678,21.599131693198263
51680,16.543834561654382
51683,20.33219460478266
51685,21.85720543144985
51690,20.838866755201416
51700,21.778844181944955
51710,23.869849313241765
51720,14.490943160524672
51730,29.220028774263547
51735,8.714097832081794
51740,23.129526243806193
51750,17.71097046413502
51760,27.63511751108553
51770,20.59952757965361
51775,13.148417745766608
51790,17.911022167487683
51800,19.25520056941031
51810,17.184048621754194
51820,15.43031320954247
51830,23.173681664247702
51840,18.189823605492723
53001,30.94506994199932
53003,35.56187766714082
53005,37.56660487416653
53007,44.6797210548192
53009,50.18065930496915
53011,50.952240897884195
53013,26.773547094188377
53015,39.71134704711347
53017,36.65759339215318
53019,34.027936798717654
53021,41.16775706702876
53023,24.58025520483546
53025,31.366772823779193
53027,45.14450716682708
53029,54.1733889661567
53031,69.39335269441756
53033,74.95289163961877
53035,56.895356458606436
53037,43.320436959490216
53039,43.945427728613566
53041,32.04661325564457
53043,24.35660457841604
53045,46.293863764308504
53047,41.81937787801898
53049,48.30773606370876
53051,30.316847889629372
53053,53.7634593960968
53055,73.69099037660074
53057,52.098116394045455
53059,43.65426695842451
53061,58.50737016745823
53063,45.95504857326609
53065,27.57298628209638
53067,57.45893156648864
53069,39.08084535390808
53071,43.79258501007645
53073,60.352041552445534
53075,52.9395058222096
53077,44.88788165459025
54001,21.821177175378164
54003,33.34820995439992
54005,22.647581003106968
54007,25.723870056497177
54009,27.65578078078078
54011,40.13383297644539
54013,19.118142039717267
54015,19.049034175334324
54017,14.027732989358272
54019,30.026094176254297
54021,22.501878287002253
54023,11.018333635868578
54025,29.369085173501574
54027,19.224667856434664
54029,27.463768115942027
54031,21.813299636708262
54033,30.24782537337929
54035,23.741486526502815
54037,43.77504241417897
54039,41.75866932542191
54041,20.624916186133834
54043,21.85185185185185
54045,17.910333179794257
54047,20.422858893825648
54049,34.508025122121424
54051,24.538352272727273
54053,22.54753191109524
54055,22.10551444258773
54057,20.665009322560596
54059,13.939333466373977
54061,48.20783418900932
54063,20.724191063174114
54065,22.97872340425532
54067,20.940733772342426
54069,36.30013066639863
54071,22.41049467067505
54073,20.022916069894016
54075,26.122754491017965
54077,21.70601152895965
54079,27.64113539875794
54081,24.11043315411104
54083,27.557377049180324
54085,13.681998599112772
54087,25.247267048412287
54089,25.926589077887197
54091,24.32615467966951
54093,24.40166493236212
54095,16.088730239673634
54097,22.07220428529498
54099,24.12226352746799
54101,17.930629041740154
54103,23.083845807709615
54105,17.565020731247643
54107,28.187400030958155
54109,13.466014897579143
55001,36.630563547131494
55003,54.82471165924403
55005,36.27396827901839
55007,56.49816176470588
55009,45.48837984404619
55011,36.59160696008188
55013,35.193767872990826
55015,39.37089751088581
55017,38.90867605320274
55019,30.36649214659686
55021,48.45138622339012
55023,45.462909718228865
55025,75.46165648175271
55027,33.76827153357007
55029,49.92792165829895
55031,53.56404749361754
55033,42.071926543104915
55035,54.259974259974264
55037,26.564625850340136
55039,35.960943913643426
55041,34.058974866415994
55043,42.947516401124645
55045,50.691394935999256
55047,31.337269234373537
55049,55.94625500285878
55051,38.229426433915215
55053,41.7910447761194
55055,41.48481627378644
55057,34.61959296812313
55059,47.5478374540783
55061,32.873088052914426
55063,55.75098697778563
55065,42.63004091174752
55067,33.17510076130766
55069,37.95235497363157
55071,37.51589372950546
55073,40.14019361311254
55075,32.0553548892467
55077,35.73083287369002
55078,81.9496855345912
55079,69.12637181869879
55081,37.296006368581665
55083,28.925263838035754
55085,41.8270623784097
55087,44.127122252874415
55089,43.12689067429984
55091,35.931467181467184
55093,42.01226572886735
55095,35.531455007394484
55097,50.31155333349753
55099,35.47858647320384
55101,47.11933189918366
55103,44.31994674950078
55105,54.660262417994375
55107,31.917321836165357
55109,40.89442220537147
55111,50.01795431317847
55113,42.797335870599426
55115,31.53216891443732
55117,41.05527866567693
55119,25.201197828935058
55121,40.86475942782835
55123,46.831627205928534
55125,38.40848461188106
55127,39.564236111111114
55129,37.26151474272499
55131,30.260020438287725
55133,38.77147420110748
55135,33.30930312392722
55137,32.340801886792455
55139,46.856389314275994
55141,39.626616301031525
56001,48.50618864703372
56003,13.623789764868603
56005,9.804915125411705
56007,21.279451237697582
56009,12.282453637660486
56011,9.123823316437365
56013,30.26763189645717
56015,19.18048469387755
56017,18.624420401854714
56019,18.11389337641357
56021,33.63839335057585
56023,14.33729216152019
56025,24.102172868808456
56027,11.72465960665658
56029,20.279512340172463
56031,17.93270199476123
56033,24.43490873927233
56035,17.64
56037,22.894957479937716
56039,66.59903969703119
56041,16.819959826620153
56043,16.145833333333336
56045,10.112359550561797
