FIPS,POPUNI,PRED0_PE,PRED12_PE,PRED3_PE
1001,55688,36.94,40.85,22.2
1003,221898,35.43,40.81,23.76
1005,22023,22.81,41.64,35.54
1007,20393,30.79,44.06,25.14
1009,57697,31.53,41.51,26.97
1011,8600,24.12,41.09,34.79
1013,19410,27.98,39.38,32.64
1015,111694,31.49,39.56,28.95
1017,33117,28.56,38.64,32.8
1019,26116,28.24,42.29,29.48
1021,44257,28.16,45.97,25.88
1023,12553,22.54,43.18,34.27
1025,23522,24.65,43.7,31.66
1027,13159,24.45,43.53,32.02
1029,14819,35.28,40.53,24.19
1031,52203,34.37,40.74,24.89
1033,55083,32.86,40.2,26.95
1035,12022,30.19,34.26,35.54
1037,10511,26.91,39.3,33.78
1039,36877,27.36,40.85,31.79
1041,13772,25.72,41.41,32.87
1043,83277,31.22,44.23,24.55
1045,49090,28.75,42.95,28.3
1047,36952,25.38,40.38,34.25
1049,71306,32.12,40.27,27.61
1051,77512,37.57,39.17,23.26
1053,34309,26.77,41.85,31.38
1055,101051,31.43,40.89,27.68
1057,16197,26.59,42.08,31.34
1059,31274,27.7,43.9,28.4
1061,26218,33.6,37.12,29.29
1063,8111,18.9,40.27,40.83
1065,14597,23.5,43.44,33.05
1067,17135,27.65,40.62,31.73
1069,105267,32.39,40.66,26.95
1071,51420,29.7,45.22,25.08
1073,648693,34.5,40.03,25.47
1075,13753,29.2,42.19,28.61
1077,91069,31.87,41.94,26.18
1079,32816,31.64,35.41,32.95
1081,160116,38.29,43.21,18.5
1083,96560,36.65,43.16,20.19
1085,9692,17.65,45.27,37.07
1087,16594,21.64,41.82,36.54
1089,366657,40.04,39.77,20.19
1091,18794,24.76,38.82,36.42
1093,29285,28.35,45.38,26.27
1095,96357,31.64,41.65,26.7
1097,409100,31.82,42.28,25.9
1099,20678,24.93,37.16,37.91
1101,219377,30.11,42.03,27.86
1103,118554,31.19,44.1,24.71
1105,8349,23.18,39.93,36.89
1107,18216,22.59,42.06,35.35
1109,31132,29.06,45.8,25.14
1111,22498,32.52,36.99,30.49
1113,57670,32.79,41.18,26.03
1115,88245,32.95,44.42,22.62
1117,215942,42.66,40.06,17.28
1119,11680,22.14,38.97,38.89
1121,77874,27.11,42.05,30.84
1123,40221,26.52,41.44,32.04
1125,200924,34.92,40.83,24.25
1127,63156,29.52,40.11,30.38
1129,16259,34.84,33.05,32.11
1131,10335,23.68,33.99,42.33
1133,23573,30.36,35.57,34.07
2013,3337,10.67,49.75,39.59
2016,5632,19.3,62.43,18.27
2020,286703,35.19,48.35,16.46
2050,18183,9.55,41.76,48.68
2060,836,26.08,43.54,30.38
2068,2097,23.89,59.61,16.5
2070,4914,7.61,49.06,43.33
2090,95680,35.03,48.57,16.4
2100,2530,18.46,48.34,33.2
2105,2148,10.8,50.05,39.15
2110,31315,37.0,44.42,18.57
2122,57717,23.89,56.04,20.08
2130,13802,30.47,48.12,21.42
2150,12935,26.15,55.06,18.79
2158,8314,4.75,37.7,57.55
2164,1592,13.44,46.92,39.64
2170,106841,28.42,53.92,17.66
2180,9882,9.29,44.1,46.61
2185,9799,11.63,61.77,26.59
2188,7575,7.19,44.3,48.5
2195,3266,20.27,60.29,19.44
2198,6203,16.09,46.59,37.32
2220,8477,27.18,52.51,20.31
2230,1183,32.21,44.89,22.91
2240,6893,25.69,51.53,22.78
2261,9174,24.21,47.81,27.98
2275,2502,15.71,66.15,18.15
2282,579,18.65,51.3,30.05
2290,5230,9.71,40.84,49.45
4001,71232,10.44,36.74,52.82
4003,123596,26.19,49.31,24.5
4005,131295,27.47,48.06,24.46
4007,53615,19.41,45.81,34.78
4009,36046,23.85,51.44,24.7
4011,9466,23.87,54.83,21.3
4012,20895,13.11,49.98,36.91
4013,4440795,33.42,46.73,19.85
4015,208241,24.93,47.27,27.8
4017,109467,16.76,44.1,39.15
4019,1030970,30.06,47.17,22.76
4021,438153,27.86,50.83,21.31
4023,46301,22.9,46.83,30.27
4025,233003,24.75,49.94,25.31
4027,207535,22.59,48.97,28.44
5001,17384,33.0,39.75,27.24
5003,19555,28.72,40.9,30.38
5005,41877,26.62,43.11,30.26
5007,278162,37.14,43.51,19.34
5009,37328,37.15,36.03,26.82
5011,10710,22.5,41.92,35.57
5013,5014,23.83,42.12,34.04
5015,28274,26.66,47.56,25.78
5017,9493,19.04,41.88,39.08
5019,19674,28.33,38.7,32.97
5021,14480,25.13,49.23,25.64
5023,24839,26.44,46.72,26.84
5025,7956,31.56,46.63,21.81
5027,21610,25.64,45.34,29.03
5029,20766,28.24,43.43,28.33
5031,107689,33.11,43.18,23.71
5033,63132,28.31,44.34,27.35
5035,47304,28.67,42.0,29.32
5037,16365,24.65,47.58,27.77
5039,6715,25.7,43.99,30.31
5041,11361,22.23,40.37,37.4
5043,17565,27.16,43.44,29.4
5045,122137,37.35,43.95,18.7
5047,17706,25.79,39.0,35.2
5049,12470,15.53,38.85,45.62
5051,98872,26.03,47.92,26.04
5053,18202,35.29,38.94,25.77
5055,45082,34.38,41.77,23.85
5057,21481,27.04,45.64,27.31
5059,31642,24.69,43.05,32.26
5061,13202,28.77,41.75,29.48
5063,37286,22.94,48.86,28.2
5065,12794,20.67,46.1,33.23
5067,14680,25.93,38.65,35.42
5069,62033,25.29,42.62,32.09
5071,26006,25.28,43.79,30.93
5073,6570,16.36,38.05,45.59
5075,16024,25.86,46.14,28.0
5077,7185,21.48,40.64,37.88
5079,9616,23.46,42.31,34.22
5081,12259,22.37,45.88,31.76
5083,21267,24.83,44.24,30.93
5085,73245,35.87,45.18,18.95
5087,16576,33.45,42.47,24.08
5089,16678,28.2,40.06,31.74
5091,42334,33.9,41.7,24.4
5093,40155,25.74,46.64,27.62
5095,6679,21.47,37.39,41.14
5097,8967,23.66,41.14,35.2
5099,8239,19.23,42.18,38.6
5101,7753,24.15,47.25,28.61
5103,23313,29.82,38.78,31.41
5105,10443,34.43,38.4,27.17
5107,17717,25.0,35.3,39.7
5109,10628,30.81,45.56,23.64
5111,23441,23.95,47.83,28.22
5113,19943,21.0,49.79,29.21
5115,61211,31.61,42.26,26.13
5117,8046,26.58,44.06,29.36
5119,387868,33.8,41.88,24.32
5121,17829,27.07,40.75,32.18
5123,21027,24.3,39.93,35.77
5125,121852,37.49,42.52,19.99
5127,10281,26.0,40.68,33.32
5129,7870,23.62,47.81,28.56
5131,126838,29.83,45.27,24.9
5133,16978,22.95,47.66,29.39
5135,17417,18.09,43.57,38.35
5137,12482,26.38,41.47,32.15
5139,38496,29.83,43.6,26.56
5141,16495,19.62,40.29,40.09
5143,232362,32.92,45.3,21.79
5145,76082,28.69,47.99,23.32
5147,6312,17.84,46.42,35.74
5149,21314,22.23,49.54,28.23
6001,1651538,32.17,50.57,17.26
6003,1129,12.84,57.75,29.41
6005,35620,24.15,50.54,25.31
6007,216365,29.61,48.61,21.77
6009,45621,25.29,52.39,22.32
6011,21421,23.95,50.48,25.57
6013,1150025,34.7,48.83,16.47
6015,24980,25.53,50.83,23.63
6017,192285,34.3,47.03,18.67
6019,988669,23.49,50.0,26.5
6021,28163,26.8,54.29,18.91
6023,132753,27.03,49.99,22.98
6025,173325,19.17,49.83,31.01
6027,17882,21.62,49.47,28.91
6029,872675,23.88,48.78,27.35
6031,139108,23.45,51.81,24.74
6033,63990,23.16,49.55,27.29
6035,23121,26.82,50.04,23.15
6037,9949102,25.17,52.92,21.92
6039,150717,21.54,53.57,24.89
6041,253478,34.02,48.41,17.58
6043,17066,21.46,46.85,31.68
6045,86116,22.24,51.29,26.47
6047,272333,24.21,52.7,23.1
6049,8685,24.67,49.82,25.5
6051,14385,24.66,50.66,24.68
6053,421328,22.6,55.69,21.72
6055,136367,30.53,50.46,19.01
6057,99421,26.37,52.74,20.89
6059,3154014,29.85,52.41,17.74
6061,397084,38.89,45.04,16.07
6063,18630,25.85,51.31,22.84
6065,2449184,28.55,52.14,19.3
6067,1539857,32.7,47.74,19.56
6069,62781,27.03,51.93,21.04
6071,2160610,27.2,52.31,20.49
6073,3298811,31.58,50.76,17.66
6075,871443,31.76,48.28,19.95
6077,752585,26.98,51.72,21.3
6079,270379,30.19,49.45,20.36
6081,764562,33.91,50.15,15.94
6083,430385,25.52,52.72,21.77
6085,1911462,34.17,50.46,15.38
6087,262577,29.22,52.24,18.54
6089,178899,30.01,47.49,22.5
6091,3005,14.48,55.04,30.48
6093,43157,24.98,46.78,28.24
6095,439199,33.31,48.64,18.05
6097,489836,31.14,50.95,17.92
6099,548405,28.09,50.81,21.1
6101,96791,28.21,46.99,24.8
6103,64677,26.48,48.27,25.25
6105,12132,21.48,48.33,30.18
6107,464344,23.18,50.23,26.59
6109,51520,22.06,52.7,25.24
6111,840957,30.96,50.02,19.01
6113,211368,32.96,47.33,19.71
6115,78284,30.59,47.87,21.54
8001,515407,36.28,46.75,16.97
8003,15487,29.28,43.67,27.05
8005,654450,41.46,42.53,16.01
8007,14003,21.15,51.03,27.82
8009,3572,31.13,39.87,29.0
8011,3994,20.76,39.96,39.28
8013,317737,42.08,43.92,14.0
8014,70393,50.76,38.2,11.05
8015,19034,24.21,51.67,24.13
8017,1815,30.03,43.58,26.39
8019,9616,46.95,38.77,14.28
8021,8181,14.31,54.11,31.57
8023,3887,20.56,45.77,33.68
8025,3169,26.6,39.19,34.21
8027,4918,21.57,59.92,18.5
8029,30645,26.48,45.07,28.45
8031,717814,40.1,41.52,18.38
8033,2055,36.69,44.23,19.08
8035,350839,54.59,36.57,8.84
8037,55073,35.08,49.05,15.87
8039,26694,44.44,41.34,14.22
8041,714172,40.58,45.28,14.13
8043,40083,32.67,43.32,24.01
8045,59588,30.9,50.19,18.91
8047,6212,38.75,39.84,21.41
8049,15701,37.76,47.45,14.79
8051,16565,33.96,52.93,13.11
8053,820,24.63,46.1,29.27
8055,6882,19.14,49.33,31.53
8057,1391,20.49,54.92,24.59
8059,577345,44.56,40.16,15.27
8061,1406,37.06,40.26,22.69
8063,7097,32.38,45.17,22.45
8065,8026,32.66,49.4,17.94
8067,54556,34.03,47.22,18.76
8069,349827,43.47,41.84,14.69
8071,13779,25.8,44.96,29.24
8073,4745,23.69,53.72,22.59
8075,18709,36.45,44.64,18.92
8077,151308,33.9,46.76,19.34
8079,769,28.09,52.93,18.99
8081,13248,30.99,46.3,22.71
8083,26159,25.96,46.64,27.41
8085,42625,27.11,47.14,25.75
8087,28757,29.36,46.56,24.08
8089,17978,27.77,45.6,26.63
8091,4952,29.06,54.58,16.36
8093,18759,32.29,48.5,19.21
8095,4265,24.76,48.93,26.31
8097,17746,36.52,44.74,18.74
8099,11970,26.95,50.93,22.12
8101,165957,30.17,46.16,23.67
8103,6107,35.22,41.84,22.94
8105,11236,29.38,43.92,26.7
8107,25441,35.87,49.36,14.78
8109,6806,25.86,41.27,32.87
8111,728,37.77,43.27,18.96
8113,8170,35.29,49.14,15.57
8115,2248,25.27,44.26,30.47
8117,30960,37.58,44.62,17.8
8119,25309,36.7,45.44,17.86
8121,4748,41.41,41.83,16.76
8123,319543,39.9,43.45,16.65
8125,9928,33.3,39.25,27.45
9001,932097,39.86,40.51,19.63
9003,878007,39.86,40.33,19.81
9005,180097,43.56,40.52,15.92
9007,159850,43.9,39.61,16.5
9009,836346,36.81,40.87,22.32
9011,260663,41.96,40.41,17.63
9013,137010,48.63,38.17,13.2
9015,113717,38.03,43.48,18.49
10001,177475,37.23,40.93,21.84
10003,545835,40.22,41.15,18.63
10005,232793,27.09,45.92,26.99
11001,678072,34.94,42.69,22.37
12001,257036,35.49,43.61,20.9
12003,27126,36.35,42.25,21.4
12005,172800,33.92,44.38,21.7
12007,24248,26.96,43.15,29.89
12009,598624,33.31,45.64,21.05
12011,1945390,29.13,48.13,22.74
12013,12645,29.47,40.7,29.83
12015,187410,23.11,47.68,29.21
12017,148865,23.98,44.08,31.94
12019,218707,39.2,44.84,15.96
12021,383327,23.31,50.32,26.37
12023,67063,26.13,47.61,26.26
12027,35211,19.97,46.11,33.92
12029,15127,24.0,47.29,28.71
12031,948277,35.88,43.8,20.32
12033,309608,32.94,44.38,22.68
12035,114779,27.5,46.9,25.61
12037,10429,26.35,42.62,31.03
12039,43265,23.03,41.85,35.12
12041,17577,20.87,44.89,34.24
12043,12345,14.99,47.28,37.73
12045,13362,23.55,46.34,30.11
12047,11800,22.48,39.95,37.57
12049,25691,19.8,49.39,30.81
12051,41832,19.78,45.92,34.29
12053,192899,29.57,45.6,24.82
12055,105776,21.01,46.29,32.7
12057,1458048,34.72,44.55,20.73
12059,18092,23.61,41.84,34.55
12061,159270,26.9,45.47,27.63
12063,40622,26.53,43.47,29.99
12065,13114,26.37,39.87,33.76
12067,7219,23.02,49.58,27.4
12069,364949,30.99,45.63,23.39
12071,765912,27.61,48.04,24.35
12073,281240,36.31,43.91,19.79
12075,41380,23.12,47.58,29.3
12077,6358,32.07,39.75,28.18
12079,16705,20.18,48.24,31.58
12081,401548,28.29,46.67,25.04
12083,358082,27.67,46.22,26.11
12085,158362,30.08,45.52,24.4
12086,2691583,23.32,48.39,28.29
12087,73755,26.22,48.32,25.46
12089,88426,31.99,44.63,23.39
12091,208789,37.5,43.79,18.71
12093,39467,23.36,49.97,26.67
12095,1371554,34.72,45.2,20.08
12097,373936,29.72,46.4,23.89
12099,1484379,28.51,46.26,25.23
12101,550758,32.7,44.8,22.5
12103,968898,32.41,43.72,23.87
12105,714460,28.77,46.98,24.25
12107,73686,26.79,44.19,29.03
12109,262951,39.18,43.25,17.57
12111,326689,32.07,45.05,22.88
12113,178869,36.56,44.51,18.93
12115,431171,25.66,49.53,24.81
12117,470885,37.85,43.8,18.35
12119,124500,11.44,55.0,33.56
12121,42303,26.87,46.01,27.12
12123,19252,27.91,50.48,21.61
12125,10427,28.47,45.29,26.24
12127,543420,29.11,46.75,24.14
12129,30512,38.35,40.08,21.57
12131,72312,27.42,49.94,22.64
12133,22923,27.64,46.48,25.88
13001,18086,24.02,40.73,35.25
13003,8153,25.51,40.75,33.74
13005,10955,24.12,49.62,26.26
13007,3038,18.73,36.31,44.96
13009,39694,28.29,42.88,28.83
13011,19234,32.37,42.29,25.34
13013,83145,38.47,42.27,19.27
13015,107085,36.08,41.87,22.05
13017,16607,24.54,39.02,36.44
13019,19305,26.99,43.06,29.95
13021,147863,30.53,43.05,26.43
13023,11593,26.03,45.36,28.6
13025,19086,34.39,46.95,18.67
13027,15412,23.36,49.44,27.2
13029,39627,41.67,41.05,17.28
13031,73388,33.07,45.45,21.48
13033,22257,27.84,46.95,25.21
13035,22164,28.02,44.45,27.53
13037,4548,18.43,49.41,32.17
13039,54527,35.15,42.98,21.87
13043,10794,21.97,39.33,38.71
13045,116302,36.39,42.89,20.72
13047,67385,37.56,40.91,21.53
13049,10961,22.87,39.12,38.01
13051,278031,33.75,42.65,23.6
13053,10907,25.9,58.0,16.1
13055,23699,27.21,43.91,28.87
13057,257554,44.74,39.88,15.39
13059,118625,35.15,41.59,23.27
13061,2834,17.64,39.1,43.26
13063,288053,29.03,48.07,22.9
13065,6618,29.72,39.5,30.78
13067,752942,43.36,40.78,15.86
13069,40163,24.96,44.95,30.09
13071,45165,28.19,41.98,29.82
13073,156379,46.24,38.95,14.81
13075,17270,22.98,48.79,28.23
13077,148072,41.47,42.15,16.38
13079,12380,25.29,47.44,27.27
13081,22084,27.14,41.63,31.23
13083,15209,28.18,42.22,29.6
13085,25999,34.12,46.02,19.86
13087,25597,23.19,43.27,33.55
13089,750698,37.37,42.01,20.62
13091,19024,28.35,44.59,27.06
13093,11597,20.02,49.29,30.69
13095,84944,25.83,39.39,34.78
13097,145499,42.03,42.02,15.95
13099,10153,21.14,39.08,39.78
13101,4006,23.36,47.53,29.11
13103,63794,35.38,45.31,19.31
13105,19094,25.33,41.1,33.57
13107,21622,26.8,44.23,28.98
13109,10256,23.85,40.89,35.26
13111,26124,22.08,45.48,32.45
13113,114181,41.07,44.33,14.6
13115,95661,30.77,45.51,23.72
13117,243954,52.37,36.06,11.57
13119,22725,29.11,40.67,30.22
13121,1037719,41.35,40.43,18.22
13123,31369,24.91,50.1,24.99
13125,2971,36.08,38.91,25.01
13127,84684,29.53,44.33,26.13
13129,57511,32.19,45.17,22.64
13131,24520,25.77,42.63,31.6
13133,18254,24.21,44.38,31.4
13135,932893,39.76,42.3,17.94
13137,43205,30.06,43.66,26.29
13139,202798,34.9,44.29,20.81
13141,7272,18.3,41.23,40.47
13143,29675,36.17,39.4,24.42
13145,34973,34.35,41.96,23.69
13147,25734,26.96,43.14,29.9
13149,11867,31.45,40.79,27.77
13151,233822,41.87,41.6,16.53
13153,157235,38.65,42.81,18.54
13155,8402,27.24,43.97,28.79
13157,72609,38.27,41.18,20.55
13159,14178,35.67,42.6,21.73
13161,15071,24.5,47.47,28.03
13163,15030,23.91,38.11,37.98
13165,7579,17.84,39.95,42.21
13167,8087,26.51,41.02,32.47
13169,28587,38.95,36.41,24.64
13171,18067,34.71,42.2,23.09
13173,10216,30.66,44.74,24.6
13175,47050,24.82,43.8,31.38
13177,29213,40.16,41.06,18.79
13179,61187,33.92,47.53,18.55
13181,7863,29.81,40.24,29.95
13183,19332,26.09,52.59,21.32
13185,112875,30.89,43.85,25.27
13187,30704,33.03,43.68,23.29
13189,21082,26.97,41.43,31.6
13191,14307,26.35,45.75,27.9
13193,11241,23.75,45.18,31.06
13195,29790,30.25,43.43,26.32
13197,8336,23.68,40.83,35.48
13199,21039,22.13,42.58,35.29
13201,5704,22.12,38.03,39.85
13205,19949,19.87,41.05,39.08
13207,26754,36.14,42.97,20.89
13209,8368,28.23,43.76,28.01
13211,19206,29.64,50.26,20.1
13213,39948,32.09,47.01,20.9
13215,192597,32.77,42.21,25.02
13217,110564,37.55,42.46,19.99
13219,40226,48.25,40.87,10.87
13221,15162,32.6,43.06,24.34
13223,168326,43.14,43.42,13.45
13225,26354,31.33,40.77,27.9
13227,32496,32.98,44.58,22.44
13229,19412,34.31,39.09,26.6
13231,18750,37.43,45.96,16.61
13233,42479,32.4,42.27,25.33
13235,10019,20.92,46.93,32.15
13237,22047,23.84,46.93,29.23
13239,2299,15.35,45.98,38.67
13241,17047,22.8,44.49,32.71
13243,6553,19.69,35.56,44.76
13245,197328,30.95,45.1,23.95
13247,90475,33.29,47.72,18.99
13249,5257,40.63,39.09,20.28
13251,13599,30.36,38.77,30.87
13253,8055,22.76,44.26,32.99
13255,65897,32.09,41.16,26.75
13257,25390,28.83,45.84,25.32
13259,4999,17.7,42.75,39.55
13261,28134,24.48,43.83,31.69
13263,6195,26.86,41.61,31.53
13265,1537,22.51,43.92,33.57
13267,21069,25.27,39.68,35.05
13269,7947,24.93,41.16,33.91
13271,12910,27.11,32.78,40.11
13273,8345,24.87,38.54,36.6
13275,44279,33.67,38.97,27.36
13277,39358,30.26,39.62,30.12
13279,26810,29.7,43.1,27.2
13281,10984,23.05,47.05,29.9
13283,6591,19.3,45.24,35.46
13285,68292,29.78,43.33,26.89
13287,7716,20.97,38.63,40.4
13289,8120,29.1,45.2,25.7
13291,24364,22.46,49.01,28.54
13293,26187,31.02,39.0,29.98
13295,68903,34.04,41.7,24.26
13297,94077,41.63,39.88,18.5
13299,33779,27.2,45.69,27.11
13301,5254,20.71,38.48,40.81
13303,18712,24.88,47.02,28.1
13305,28103,25.53,50.54,23.93
13307,2607,27.54,38.2,34.25
13309,5391,28.03,42.68,29.29
13311,30081,28.86,46.36,24.78
13313,104101,32.7,46.13,21.18
13315,6863,24.65,42.52,32.83
13317,9728,23.89,42.92,33.19
13319,8910,29.9,44.29,25.81
13321,20193,22.05,44.97,32.98
15001,199711,23.99,51.96,24.04
15003,963479,29.84,52.82,17.34
15005,86,23.26,45.35,31.4
15007,71944,23.77,56.48,19.76
15009,166577,25.62,54.48,19.89
16001,472391,42.88,41.79,15.33
16003,4275,24.84,54.39,20.77
16005,86278,36.01,44.02,19.96
16007,6125,29.36,54.53,16.11
16009,9289,28.87,44.26,26.87
16011,46691,33.91,45.85,20.24
16013,23005,31.98,51.52,16.51
16015,7797,27.75,49.51,22.74
16017,45642,29.67,45.71,24.62
16019,118722,40.63,43.92,15.45
16021,12221,24.55,50.34,25.11
16023,2595,28.17,51.83,20.0
16025,1106,25.41,59.76,14.83
16027,227795,32.1,49.51,18.38
16029,7151,28.91,56.05,15.05
16031,23904,32.85,46.95,20.21
16033,845,19.17,48.17,32.66
16035,8076,26.46,42.36,31.18
16037,4306,29.61,47.56,22.83
16039,27313,31.63,46.5,21.87
16041,13863,36.36,45.16,18.48
16043,12690,25.7,51.41,22.89
16045,18062,30.81,46.1,23.09
16047,15157,20.09,53.39,26.52
16049,16257,25.07,50.8,24.14
16051,29761,34.79,51.73,13.49
16053,24343,28.61,46.37,25.02
16055,165127,35.08,45.86,19.06
16057,37544,37.85,45.73,16.42
16059,8015,29.64,41.7,28.66
16061,3825,26.67,44.26,29.07
16063,5366,21.19,57.94,20.87
16065,39337,33.45,44.56,21.99
16067,21030,29.55,51.1,19.35
16069,39895,37.45,41.81,20.74
16071,4531,33.11,41.96,24.94
16073,11738,24.29,47.84,27.88
16075,23865,28.88,50.47,20.65
16077,7661,30.34,52.72,16.94
16079,12819,24.33,39.84,35.83
16081,12142,41.32,49.65,9.03
16083,86421,35.59,47.21,17.2
16085,11353,35.86,39.01,25.13
16087,10150,24.5,50.73,24.77
17001,64937,40.7,37.16,22.14
17003,5761,24.65,45.13,30.22
17005,14986,36.17,41.42,22.41
17007,53473,41.68,40.08,18.24
17009,4644,42.16,38.65,19.19
17011,32606,37.47,39.66,22.87
17013,4737,29.05,44.82,26.13
17015,14253,32.62,44.64,22.73
17017,12147,38.57,35.98,25.45
17019,195071,37.2,41.19,21.61
17021,31031,35.14,43.55,21.31
17023,15435,40.14,39.36,20.51
17025,13178,34.65,41.11,24.24
17027,35966,42.78,39.03,18.19
17029,48135,42.91,37.49,19.59
17031,5109413,32.89,43.22,23.89
17033,17414,30.45,42.17,27.39
17035,10761,36.93,41.88,21.19
17037,99959,42.91,40.02,17.07
17039,15562,38.02,41.05,20.94
17041,19449,35.16,40.92,23.92
17043,915779,44.53,40.2,15.27
17045,17128,40.16,38.82,21.02
17047,6395,31.26,47.97,20.77
17049,33942,40.58,40.8,18.62
17051,19942,34.74,43.93,21.33
17053,12918,38.62,41.42,19.96
17055,38391,33.44,41.96,24.6
17057,32199,36.87,39.56,23.57
17059,4828,34.71,37.88,27.4
17061,12766,37.08,42.45,20.47
17063,51028,47.36,39.43,13.2
17065,8116,30.79,42.24,26.97
17067,17677,36.02,39.5,24.48
17069,3821,29.78,44.07,26.14
17071,6646,39.32,41.51,19.17
17073,48615,38.89,40.83,20.28
17075,27014,35.24,40.05,24.71
17077,53917,30.53,44.72,24.75
17079,9606,38.37,44.87,16.76
17081,35856,35.3,42.94,21.76
17083,21315,39.59,37.78,22.63
17085,21222,37.48,39.31,23.2
17087,11191,34.72,37.32,27.97
17089,530019,39.47,43.04,17.49
17091,105897,38.56,38.38,23.06
17093,128926,47.81,40.32,11.87
17095,46674,32.68,38.3,29.02
17097,693312,41.36,41.99,16.65
17099,106698,36.76,43.27,19.97
17101,13442,31.92,43.48,24.59
17103,31556,38.12,41.4,20.48
17105,33919,36.38,39.91,23.71
17107,24964,38.84,37.41,23.75
17109,26712,34.19,41.15,24.65
17111,307237,48.42,38.09,13.49
17113,162127,40.8,39.48,19.72
17115,101850,39.0,36.51,24.49
17117,44569,34.95,43.43,21.62
17119,261608,41.94,39.63,18.44
17121,37056,36.48,37.89,25.63
17123,11431,41.73,36.67,21.6
17125,13319,34.83,44.46,20.71
17127,13772,34.69,41.85,23.46
17129,12181,41.38,40.37,18.24
17131,15397,42.96,37.4,19.64
17133,34637,48.12,37.46,14.42
17135,26462,30.49,43.72,25.8
17137,31306,34.53,41.58,23.89
17139,14471,36.45,40.5,23.05
17141,50527,40.58,40.44,18.98
17143,176516,35.83,41.79,22.38
17145,18622,34.68,44.0,21.32
17147,16344,41.89,39.48,18.63
17149,15276,34.73,41.55,23.72
17151,4121,25.16,42.73,32.1
17153,5329,22.33,38.37,39.29
17155,5737,35.82,43.0,21.18
17157,28220,37.57,37.53,24.9
17159,15484,32.49,44.43,23.08
17161,138629,34.55,41.96,23.49
17163,258338,38.29,41.27,20.44
17165,23131,36.65,40.53,22.83
17167,193018,37.39,40.55,22.06
17169,6758,36.09,39.83,24.08
17171,4951,36.5,45.67,17.83
17173,21626,40.63,38.9,20.47
17175,5340,32.64,44.85,22.51
17177,44353,37.73,38.12,24.14
17179,130422,43.69,37.74,18.57
17181,16653,28.92,43.91,27.17
17183,73672,31.8,43.77,24.43
17185,11520,37.3,37.01,25.69
17187,15991,35.94,43.05,21.01
17189,13832,40.41,38.37,21.23
17191,16213,31.88,40.66,27.46
17193,13440,32.14,42.47,25.39
17195,55018,35.84,40.93,23.23
17197,684787,44.48,39.67,15.84
17199,65254,37.09,40.97,21.94
17201,281089,35.92,41.99,22.09
17203,38062,41.81,39.46,18.72
18001,35684,34.87,34.45,30.68
18003,376714,40.98,39.87,19.14
18005,83520,42.58,37.06,20.36
18007,8727,34.65,44.31,21.04
18009,11666,33.46,35.67,30.87
18011,67666,50.61,33.0,16.39
18013,15087,28.07,50.91,21.02
18015,20218,38.94,38.85,22.21
18017,37348,37.0,37.07,25.93
18019,117859,39.18,42.38,18.44
18021,26131,36.91,40.47,22.62
18023,32219,32.17,43.7,24.13
18025,10577,28.52,36.77,34.71
18027,33160,30.52,36.85,32.63
18029,49210,43.73,36.83,19.44
18031,26501,35.57,46.96,17.47
18033,43399,42.74,38.94,18.32
18035,107050,34.98,42.05,22.97
18037,42576,40.8,43.23,15.98
18039,204659,37.2,41.92,20.89
18041,23053,33.41,39.54,27.05
18043,78062,42.25,37.96,19.79
18045,16325,34.71,42.63,22.66
18047,22758,40.48,42.06,17.46
18049,19903,35.39,40.12,24.49
18051,33287,36.09,46.23,17.69
18053,61804,34.27,42.3,23.43
18055,31815,32.45,43.47,24.08
18057,337641,55.22,33.93,10.85
18059,78000,50.72,35.45,13.83
18061,40342,36.27,44.88,18.85
18063,167137,48.47,38.68,12.85
18065,44837,35.74,40.35,23.92
18067,82135,36.25,42.9,20.86
18069,35646,41.69,41.45,16.87
18071,44058,40.61,39.08,20.31
18073,32801,36.85,43.87,19.28
18075,20374,34.0,42.69,23.31
18077,30673,34.25,41.86,23.88
18079,27598,39.13,40.29,20.58
18081,156945,45.36,40.07,14.57
18083,35109,36.45,41.03,22.52
18085,78471,40.73,38.26,21.01
18087,39477,24.57,35.41,40.02
18089,482392,33.86,42.9,23.24
18091,104229,36.51,41.45,22.04
18093,45213,37.29,42.25,20.46
18095,124446,37.25,40.0,22.75
18097,953401,36.53,40.3,23.16
18099,46124,36.69,38.79,24.52
18101,10214,44.89,38.85,16.26
18103,32382,36.55,43.65,19.79
18105,134378,38.43,42.85,18.72
18107,37482,32.94,43.35,23.71
18109,70256,41.3,40.49,18.21
18111,13944,36.56,42.26,21.18
18113,47422,37.27,41.97,20.77
18115,5875,37.89,38.33,23.78
18117,19567,31.74,43.94,24.33
18119,20737,31.21,42.41,26.37
18121,15618,32.33,33.99,33.68
18123,17767,36.28,43.03,20.68
18125,12316,38.79,40.9,20.32
18127,168047,43.21,39.27,17.52
18129,25373,42.99,37.38,19.63
18131,12236,39.37,40.88,19.75
18133,33104,40.84,39.39,19.77
18135,24565,35.09,40.51,24.4
18137,28242,37.5,40.99,21.5
18139,16538,39.27,39.61,21.12
18141,263040,37.94,39.45,22.61
18143,23745,33.44,44.23,22.33
18145,44507,39.68,41.48,18.84
18147,20217,37.87,41.94,20.18
18149,22995,34.95,44.15,20.9
18151,33465,36.24,42.97,20.79
18153,18551,34.31,42.01,23.68
18155,10709,27.42,46.57,26.02
18157,180768,39.71,42.24,18.05
18159,15113,45.66,37.48,16.87
18161,7036,34.3,43.28,22.43
18163,177286,36.05,41.96,21.99
18165,15498,31.97,45.28,22.75
18167,98733,37.55,38.72,23.72
18169,29886,37.39,39.53,23.08
18171,8239,40.83,38.83,20.34
18173,62931,46.16,38.73,15.11
18175,27959,37.18,42.01,20.81
18177,64597,34.14,41.26,24.6
18179,28188,41.04,40.0,18.96
18181,23996,35.51,42.77,21.72
18183,33794,41.39,35.04,23.57
19001,7151,36.36,42.34,21.3
19003,3598,41.16,38.3,20.54
19005,13687,38.38,38.88,22.74
19007,12404,33.37,34.44,32.19
19009,5493,36.92,40.01,23.07
19011,25635,45.79,36.35,17.87
19013,128031,40.05,40.21,19.74
19015,25998,41.25,40.98,17.77
19017,23734,44.07,39.47,16.47
19019,21121,39.89,39.73,20.38
19021,19011,35.91,43.79,20.3
19023,14433,43.75,36.87,19.38
19025,9163,35.86,39.82,24.32
19027,20140,41.81,39.55,18.64
19029,12822,36.34,42.36,21.3
19031,18602,45.73,38.38,15.89
19033,41999,42.5,38.22,19.28
19035,11220,35.16,42.59,22.25
19037,11933,40.17,36.72,23.1
19039,9379,34.44,41.96,23.61
19041,15981,35.35,42.49,22.16
19043,17540,37.0,37.29,25.72
19045,46397,40.04,39.86,20.1
19047,16811,35.22,40.5,24.28
19049,93420,52.92,34.79,12.3
19051,9000,33.21,37.84,28.94
19053,7274,35.02,40.39,24.59
19055,17011,47.49,36.08,16.43
19057,38813,40.33,37.18,22.48
19059,17247,39.83,42.15,18.01
19061,94730,42.97,37.4,19.63
19063,8930,38.11,40.38,21.51
19065,19114,36.6,40.73,22.67
19067,15600,37.43,42.83,19.74
19069,10070,30.26,44.81,24.94
19071,6953,40.5,39.59,19.91
19073,8885,37.21,41.97,20.82
19075,12232,47.08,36.59,16.33
19077,10682,39.21,43.07,17.72
19079,14760,43.64,37.78,18.57
19081,10627,43.49,34.06,22.44
19083,16315,40.14,37.57,22.29
19085,14042,43.6,38.53,17.87
19087,18564,40.99,39.56,19.46
19089,9149,38.82,35.76,25.41
19091,9557,37.94,41.55,20.51
19093,6860,42.17,42.2,15.63
19095,16153,45.87,34.62,19.51
19097,19434,41.79,37.65,20.56
19099,35901,43.67,39.16,17.17
19101,16956,36.02,42.0,21.97
19103,143882,43.11,37.84,19.04
19105,19725,45.28,35.97,18.74
19107,10244,38.21,34.8,26.99
19109,14801,38.98,38.42,22.6
19111,32817,37.95,40.66,21.39
19113,223485,44.65,37.9,17.45
19115,11032,35.7,46.75,17.56
19117,8600,37.38,38.64,23.98
19119,11738,41.72,44.14,14.14
19121,16330,44.01,35.16,20.83
19123,21706,42.06,39.72,18.22
19125,32254,38.75,42.72,18.53
19127,39025,34.98,39.48,25.54
19129,14788,42.06,37.4,20.54
19131,10565,42.43,38.02,19.55
19133,8612,42.07,37.25,20.68
19135,7703,35.8,42.35,21.85
19137,9917,37.88,38.93,23.18
19139,42552,36.42,46.59,16.99
19141,13699,40.8,40.94,18.26
19143,5954,43.6,36.14,20.26
19145,13787,34.62,43.37,22.01
19147,8793,38.53,36.19,25.28
19149,25177,41.12,41.83,17.05
19151,6614,45.42,37.38,17.21
19153,485034,41.6,40.34,18.06
19155,92009,41.03,39.85,19.12
19157,17161,39.32,38.67,22.01
19159,4893,32.52,40.34,27.14
19161,9714,41.31,36.66,22.03
19163,171182,41.35,40.07,18.58
19165,11447,37.24,43.69,19.07
19167,33022,49.37,32.22,18.41
19169,87195,43.46,37.93,18.61
19171,16840,34.01,41.14,24.85
19173,6117,37.99,35.7,26.3
19175,12012,42.21,39.46,18.33
19177,7043,31.56,42.11,26.32
19179,34431,36.48,42.14,21.38
19181,50399,45.8,36.65,17.55
19183,21939,38.53,41.07,20.4
19185,6431,29.78,41.16,29.06
19187,33666,38.65,39.45,21.9
19189,10051,37.79,42.81,19.4
19191,18186,45.32,35.86,18.83
19193,101460,36.04,42.67,21.29
19195,7376,36.06,42.6,21.34
19197,12553,34.68,42.88,22.44
20001,12138,33.74,38.03,28.23
20003,7839,26.48,43.08,30.44
20005,15017,45.58,32.71,21.71
20007,4427,30.99,43.46,25.55
20009,25452,37.09,41.84,21.07
20011,14316,34.93,39.36,25.71
20013,9550,35.13,42.18,22.69
20015,65175,39.66,41.05,19.29
20017,2542,38.24,39.3,22.46
20019,3250,21.69,48.68,29.63
20021,19921,37.51,39.78,22.7
20023,2657,38.69,42.34,18.97
20025,1994,38.11,37.01,24.87
20027,7985,34.74,38.75,26.51
20029,8519,37.8,35.16,27.05
20031,8173,41.5,39.5,19.0
20033,1700,36.12,27.59,36.29
20035,33462,35.75,42.71,21.53
20037,37604,37.22,40.6,22.18
20039,2825,41.35,37.73,20.92
20041,18392,39.83,40.54,19.63
20043,7248,32.41,44.92,22.67
20045,114221,43.44,40.15,16.4
20047,2793,27.64,45.26,27.1
20049,2524,22.19,53.57,24.25
20051,27782,44.54,38.05,17.41
20053,5235,36.79,40.48,22.73
20055,36069,31.44,43.66,24.9
20057,33278,31.32,46.56,22.11
20059,25192,40.28,39.89,19.83
20061,31533,40.54,40.45,19.01
20063,2628,43.95,34.25,21.8
20065,2482,39.0,39.61,21.39
20067,7128,37.42,47.46,15.12
20069,5988,30.68,47.08,22.24
20071,1232,29.63,51.95,18.43
20073,5956,36.65,38.97,24.38
20075,2539,38.56,39.54,21.9
20077,5436,31.18,48.01,20.81
20079,33645,39.7,42.12,18.18
20081,3965,32.31,56.44,11.25
20083,1794,43.7,38.29,18.0
20085,13117,31.45,47.13,21.42
20087,19024,46.16,37.01,16.83
20089,2877,26.31,50.92,22.77
20091,600662,49.36,36.83,13.81
20093,3832,27.66,54.85,17.48
20095,7108,41.45,38.91,19.64
20097,2378,34.27,40.62,25.11
20099,19570,32.8,39.4,27.8
20101,1532,30.87,49.54,19.58
20103,76429,42.57,42.21,15.22
20105,2961,37.01,38.64,24.35
20107,9675,34.94,44.43,20.63
20109,2794,32.78,39.51,27.7
20111,32133,34.42,39.3,26.28
20113,28180,45.2,36.83,17.97
20115,11479,34.01,41.84,24.15
20117,9689,40.48,39.67,19.85
20119,3984,37.78,44.08,18.15
20121,34179,41.85,40.15,18.0
20123,5860,42.53,35.73,21.74
20125,31090,32.42,42.28,25.3
20127,5616,42.49,42.36,15.15
20129,2578,44.45,37.2,18.35
20131,10225,43.71,37.76,18.53
20133,15766,34.02,40.78,25.19
20135,2747,38.19,37.86,23.95
20137,4631,36.75,39.82,23.43
20139,15932,31.67,41.06,27.27
20141,3416,42.68,31.65,25.67
20143,5664,38.03,40.11,21.86
20145,5824,31.87,38.19,29.95
20147,5223,44.3,33.18,22.52
20149,24359,43.45,40.26,16.29
20151,8931,35.9,43.57,20.54
20153,2530,21.7,45.42,32.89
20155,59676,36.67,40.97,22.36
20157,4636,31.95,38.24,29.81
20159,9020,38.29,39.32,22.38
20161,68667,37.41,44.5,18.08
20163,4909,43.1,38.4,18.5
20165,3036,39.95,42.26,17.79
20167,6845,44.65,35.57,19.78
20169,53462,38.14,42.45,19.4
20171,4804,28.66,51.62,19.71
20173,512501,38.81,41.3,19.89
20175,21095,25.99,47.16,26.85
20177,174808,37.67,41.67,20.66
20179,2521,34.79,41.17,24.04
20181,5864,44.95,34.09,20.96
20183,3582,38.78,39.87,21.36
20185,4156,37.54,41.07,21.39
20187,1981,30.09,38.97,30.94
20189,5472,31.67,45.3,23.03
20191,22728,33.39,45.58,21.03
20193,7540,41.96,38.73,19.31
20195,2791,38.84,42.85,18.31
20197,6931,41.29,39.37,19.33
20199,1518,39.26,45.13,15.61
20201,5406,31.78,45.63,22.59
20203,2119,29.54,48.7,21.76
20205,8483,28.37,46.58,25.05
20207,3134,34.52,43.08,22.4
20209,165019,30.82,42.56,26.62
21001,18125,26.41,47.68,25.91
21003,21236,31.75,37.51,30.74
21005,22747,34.66,39.39,25.95
21007,7823,29.5,42.11,28.39
21009,44081,30.48,41.76,27.76
21011,12500,33.91,39.35,26.74
21013,25351,26.18,41.33,32.49
21015,133139,46.61,38.3,15.09
21017,19659,32.83,41.08,26.09
21019,45131,32.79,41.87,25.34
21021,27285,33.76,38.42,27.82
21023,8303,29.45,43.03,27.52
21025,12502,26.42,45.17,28.41
21027,20268,25.68,46.04,28.28
21029,81411,40.98,42.39,16.63
21031,12790,29.16,39.08,31.77
21033,12716,27.85,38.54,33.6
21035,36036,33.17,41.03,25.8
21037,91228,45.47,37.11,17.42
21039,4760,32.96,38.17,28.87
21041,10494,28.83,41.01,30.16
21043,26316,28.4,43.08,28.53
21045,15818,26.59,35.59,37.82
21047,69863,31.7,43.7,24.6
21049,36084,38.23,39.34,22.43
21051,18282,30.16,39.59,30.25
21053,10134,30.97,37.3,31.72
21055,8671,26.56,47.45,25.99
21057,6614,21.02,49.3,29.68
21059,100021,33.86,39.55,26.59
21061,12147,25.9,48.3,25.8
21063,6514,23.66,36.28,40.07
21065,14074,29.09,41.91,29.0
21067,312837,38.68,40.94,20.38
21069,14581,27.33,41.53,31.14
21071,35446,27.4,42.66,29.95
21073,49734,34.0,43.01,22.99
21075,5582,27.46,33.05,39.48
21077,8869,38.96,38.32,22.72
21079,17666,28.45,36.0,35.55
21081,24782,36.9,38.71,24.38
21083,37124,29.55,45.69,24.76
21085,25828,32.02,40.17,27.81
21087,10941,31.86,36.56,31.58
21089,34968,33.41,42.6,23.98
21091,8722,34.56,42.51,22.93
21093,110242,34.92,46.6,18.48
21095,25818,27.14,38.9,33.96
21097,18886,32.3,41.51,26.19
21099,18914,26.07,41.96,31.97
21101,44667,32.37,40.78,26.85
21103,16126,30.7,44.07,25.23
21105,4307,32.57,44.53,22.89
21107,44238,35.11,35.5,29.39
21109,13278,33.45,38.21,28.34
21111,757150,36.15,40.88,22.97
21113,52855,39.3,39.48,21.22
21115,21957,27.66,38.43,33.91
21117,166001,43.57,38.17,18.26
21119,14274,29.05,40.17,30.78
21121,30698,31.32,39.39,29.29
21123,14212,30.45,40.94,28.61
21125,60473,31.01,41.09,27.9
21127,15317,28.81,36.98,34.21
21129,6393,31.41,40.72,27.87
21131,9744,23.0,46.43,30.57
21133,21494,27.79,39.39,32.81
21135,13222,23.51,49.06,27.42
21137,24451,32.3,41.94,25.76
21139,9194,24.81,50.13,25.06
21141,27006,28.22,45.83,25.95
21143,7155,19.71,47.34,32.96
21145,64932,32.27,43.43,24.31
21147,15602,29.12,37.95,32.93
21149,9207,43.3,33.2,23.49
21151,87042,36.17,41.27,22.57
21153,12161,23.57,46.94,29.5
21155,19024,32.14,42.78,25.08
21157,30939,34.33,41.48,24.19
21159,9853,31.79,43.13,25.08
21161,16906,32.56,39.01,28.43
21163,28425,35.9,41.2,22.9
21165,6483,32.64,37.27,30.09
21167,21933,30.15,45.99,23.87
21169,10071,28.14,41.38,30.48
21171,10624,25.35,42.29,32.36
21173,27970,34.38,41.09,24.53
21175,11418,27.8,40.31,31.89
21177,29393,33.65,39.44,26.91
21179,46133,34.48,44.85,20.67
21181,7269,30.25,35.75,33.99
21183,23923,29.81,44.31,25.88
21185,62693,50.35,36.45,13.21
21187,10901,27.07,40.36,32.57
21189,4415,28.63,41.2,30.17
21191,14590,33.93,40.62,25.45
21193,25569,29.04,45.45,25.52
21195,56944,27.71,40.73,31.56
21197,12250,35.58,38.72,25.7
21199,64686,28.43,42.49,29.08
21201,2108,25.24,51.66,23.1
21203,16593,26.4,44.31,29.3
21205,21586,35.59,37.17,27.24
21207,17899,28.57,41.51,29.93
21209,56080,38.79,43.84,17.36
21211,48016,30.4,45.7,23.9
21213,18374,32.59,46.38,21.03
21215,19351,34.54,41.74,23.72
21217,24594,34.58,40.49,24.94
21219,12171,26.6,42.85,30.55
21221,14651,25.92,39.97,34.11
21223,8471,34.52,31.59,33.89
21225,14338,25.98,44.48,29.54
21227,126332,35.99,42.76,21.25
21229,12095,32.2,41.21,26.59
21231,20107,25.05,41.55,33.41
21233,12686,29.52,39.47,31.01
21235,34861,25.88,47.76,26.35
21237,7125,20.93,37.38,41.7
21239,26298,35.9,46.18,17.92
22001,61749,27.87,43.26,28.87
22003,21697,25.31,40.88,33.81
22005,126121,42.29,41.99,15.72
22007,21816,27.91,39.1,32.99
22009,37455,23.87,41.08,35.05
22011,36418,27.81,46.34,25.85
22013,13197,21.75,41.15,37.09
22015,126668,32.87,42.52,24.61
22017,236918,28.03,40.58,31.39
22019,201196,32.08,44.32,23.59
22021,9415,29.05,43.1,27.85
22023,6953,34.63,45.63,19.73
22025,8701,21.03,46.81,32.16
22027,12898,22.09,38.88,39.03
22029,17957,19.69,44.32,35.99
22031,27365,26.03,43.23,30.75
22033,432465,32.31,44.31,23.37
22035,5794,20.97,42.29,36.74
22037,17538,27.28,38.94,33.77
22039,32333,23.86,42.45,33.68
22041,19664,19.94,39.91,40.15
22043,19620,22.32,54.39,23.29
22045,69354,29.18,45.05,25.77
22047,28964,28.73,42.8,28.48
22049,14929,27.7,43.42,28.88
22051,431402,32.2,43.22,24.58
22053,31248,26.49,45.13,28.38
22055,241027,38.25,41.62,20.13
22057,96469,30.92,42.23,26.85
22059,13851,34.71,41.68,23.62
22061,42328,25.09,42.29,32.62
22063,140260,36.51,45.04,18.45
22065,9519,19.4,48.87,31.73
22067,24389,22.59,42.94,34.47
22069,36335,29.68,43.45,26.86
22071,380942,30.85,41.45,27.69
22073,149173,30.48,42.18,27.34
22075,23144,35.8,39.82,24.38
22077,21730,25.95,39.52,34.53
22079,127542,29.77,44.19,26.04
22081,8367,20.53,45.94,33.52
22083,19416,19.38,44.05,36.57
22085,23721,23.27,45.39,31.34
22087,46979,31.32,43.73,24.95
22089,52596,40.46,40.05,19.49
22091,10085,29.69,40.06,30.25
22093,20969,31.06,40.87,28.07
22095,42611,28.71,45.81,25.47
22097,81839,21.87,45.0,33.13
22099,52983,27.48,44.0,28.52
22101,48879,29.11,41.11,29.78
22103,260188,37.0,42.53,20.47
22105,132048,29.16,44.51,26.33
22107,4318,18.02,41.59,40.39
22109,109619,33.54,43.9,22.56
22111,21768,26.91,37.87,35.22
22113,59511,29.22,46.29,24.48
22115,47323,28.76,49.78,21.46
22117,44892,24.57,44.75,30.67
22119,37631,23.21,36.57,40.22
22121,26019,39.14,39.03,21.83
22123,10452,18.38,50.82,30.8
22125,10367,39.74,39.1,21.15
22127,12380,28.54,40.65,30.81
23001,106246,39.8,42.43,17.77
23003,66311,29.8,41.91,28.29
23005,289056,43.31,39.53,17.16
23007,29244,30.92,45.61,23.46
23009,54595,35.77,43.87,20.36
23011,120384,37.75,42.54,19.71
23013,38629,35.97,42.95,21.09
23015,34484,32.85,43.04,24.12
23017,57817,32.19,45.35,22.47
23019,146670,37.78,41.76,20.46
23021,16693,28.87,40.18,30.95
23023,35849,40.82,40.97,18.2
23025,50176,34.89,41.27,23.85
23027,39265,31.79,46.18,22.03
23029,31025,25.87,43.36,30.78
23031,206244,38.13,43.69,18.18
24001,63807,32.12,42.16,25.72
24003,573374,45.37,40.91,13.71
24005,813482,39.0,42.17,18.83
24009,92263,48.54,37.04,14.43
24011,33228,34.89,41.96,23.15
24013,166546,48.4,37.4,14.21
24015,102546,42.22,40.75,17.03
24017,162650,45.08,39.1,15.82
24019,31767,30.25,44.74,25.0
24021,257015,46.58,38.8,14.62
24023,28827,35.19,42.12,22.68
24025,255029,46.11,38.05,15.84
24027,325256,46.77,38.93,14.3
24029,18272,34.26,40.64,25.1
24031,1049242,39.67,42.85,17.48
24033,893899,32.01,46.42,21.57
24035,50114,41.12,40.95,17.93
24037,111763,43.62,37.73,18.65
24039,20531,26.44,41.81,31.74
24041,37093,34.8,42.49,22.72
24043,144319,37.18,41.79,21.03
24045,99757,35.21,42.12,22.67
24047,51944,31.49,44.8,23.71
24510,575313,30.6,41.48,27.93
25001,211121,37.16,43.39,19.45
25003,121404,35.33,43.23,21.44
25005,556407,41.95,38.96,19.1
25007,17273,30.6,50.12,19.28
25009,778537,38.47,40.97,20.56
25011,69904,34.5,42.83,22.67
25013,457814,34.41,41.27,24.32
25015,139602,43.32,39.77,16.9
25017,1568564,45.33,38.98,15.69
25019,11399,35.49,50.5,14.01
25021,695736,45.96,38.25,15.79
25023,515031,44.86,39.19,15.95
25025,764516,31.36,43.71,24.93
25027,811726,43.67,39.01,17.32
26001,10377,24.46,43.69,31.85
26003,8217,34.68,39.95,25.36
26005,117892,37.48,42.13,20.39
26007,28288,33.3,42.54,24.16
26009,23282,29.9,47.97,22.12
26011,14840,26.67,44.02,29.31
26013,7336,31.86,41.25,26.89
26015,61471,39.63,42.37,18.0
26017,102933,38.5,41.78,19.72
26019,17711,33.48,44.84,21.69
26021,151730,34.24,40.83,24.94
26023,41959,34.86,43.9,21.24
26025,132024,37.27,41.81,20.93
26027,51432,33.27,44.77,21.96
26029,26092,32.4,45.83,21.77
26031,25199,26.99,45.32,27.7
26033,32809,31.07,41.88,27.05
26035,30836,28.17,41.09,30.74
26037,79388,42.43,40.27,17.3
26039,13972,30.96,43.22,25.82
26041,35581,32.02,41.91,26.07
26043,25163,35.66,43.29,21.05
26045,109227,42.11,40.68,17.21
26047,33241,37.68,40.97,21.35
26049,403826,36.43,40.61,22.96
26051,25383,25.34,43.7,30.96
26053,13872,28.71,41.48,29.81
26055,92571,38.82,42.18,19.0
26057,35801,37.39,40.45,22.16
26059,44569,34.37,40.09,25.54
26061,33311,34.52,44.06,21.42
26063,30927,33.17,41.04,25.8
26065,277035,38.4,40.99,20.61
26067,59724,39.59,42.19,18.22
26069,25043,27.44,44.54,28.03
26071,11035,29.52,39.38,31.1
26073,65068,35.44,40.11,24.44
26075,150971,37.71,41.38,20.92
26077,259247,43.68,37.69,18.62
26079,17983,28.99,46.18,24.82
26081,651564,42.89,39.3,17.81
26083,2112,25.43,55.26,19.32
26085,11690,20.94,46.18,32.88
26087,86682,37.07,42.69,20.24
26089,21732,33.3,44.89,21.81
26091,94387,35.16,45.45,19.39
26093,191448,47.53,38.73,13.74
26095,5123,31.43,41.5,27.07
26097,10778,21.91,44.86,33.23
26099,871343,39.73,41.67,18.59
26101,23453,30.26,43.55,26.19
26103,63110,37.58,40.13,22.29
26105,29085,30.13,45.07,24.8
26107,40350,30.9,43.35,25.75
26109,22755,32.27,41.28,26.44
26111,82446,40.88,41.45,17.67
26113,15078,32.97,47.37,19.66
26115,150295,41.15,38.79,20.06
26117,61337,35.41,42.93,21.66
26119,9300,26.67,42.33,31.0
26121,170556,33.16,44.61,22.23
26123,48776,33.67,42.99,23.34
26125,1251693,45.38,38.22,16.39
26127,26407,29.36,45.41,25.23
26129,20965,29.32,40.2,30.49
26131,5714,24.71,49.46,25.83
26133,23255,30.17,42.03,27.79
26135,8241,24.66,41.26,34.09
26137,24551,33.28,42.52,24.2
26139,285133,44.82,40.03,15.15
26141,12556,25.25,44.38,30.37
26143,23951,26.6,43.29,30.11
26145,186135,36.63,38.8,24.57
26147,158695,38.12,41.17,20.71
26149,60776,37.9,38.51,23.59
26151,41076,29.56,44.4,26.04
26153,8070,23.35,48.9,27.76
26155,67656,37.28,42.53,20.2
26157,51931,33.71,43.21,23.08
26159,75529,35.37,41.46,23.16
26161,348715,43.61,40.32,16.07
26163,1743402,32.05,41.54,26.41
26165,33548,33.91,44.74,21.35
27001,15807,29.21,42.18,28.61
27003,355265,47.24,38.32,14.44
27005,34350,32.96,45.25,21.8
27007,45747,34.06,41.74,24.2
27009,40823,41.63,44.23,14.14
27011,4991,39.43,38.53,22.04
27013,64832,41.69,40.7,17.61
27015,24321,42.93,37.59,19.47
27017,34614,37.09,42.68,20.23
27019,104529,55.69,32.0,12.32
27021,29740,29.25,47.02,23.73
27023,11782,33.55,41.75,24.7
27025,55543,48.92,36.57,14.51
27027,61816,45.64,39.45,14.91
27029,8799,31.55,42.63,25.82
27031,5460,28.33,40.4,31.26
27033,11183,30.91,42.52,26.57
27035,64908,36.48,43.26,20.27
27037,428659,47.8,37.92,14.28
27039,20934,47.4,40.43,12.17
27041,38078,44.91,36.29,18.81
27043,13554,38.32,36.66,25.02
27045,21038,40.35,41.21,18.44
27047,30155,39.09,40.43,20.48
27049,46203,43.15,39.23,17.62
27051,5972,35.92,42.53,21.55
27053,1254285,44.77,37.59,17.64
27055,18587,42.14,39.76,18.1
27057,21460,30.83,45.94,23.23
27059,40550,45.36,40.7,13.94
27061,44820,32.34,45.01,22.66
27063,9834,41.32,38.38,20.31
27065,16308,37.18,39.45,23.37
27067,42969,39.95,41.02,19.03
27069,4297,39.7,40.05,20.25
27071,12153,33.38,41.02,25.6
27073,6621,39.04,37.74,23.21
27075,10622,36.58,40.21,23.22
27077,3738,35.77,37.51,26.73
27079,28887,46.38,36.12,17.5
27081,5636,43.95,33.91,22.14
27083,24940,44.04,35.69,20.27
27085,35842,45.02,38.1,16.88
27087,5527,24.5,41.56,33.94
27089,9330,43.38,38.2,18.42
27091,19662,34.34,46.42,19.24
27093,23174,42.56,39.95,17.49
27095,26092,36.85,41.09,22.07
27097,33328,39.22,41.69,19.09
27099,39946,35.51,42.88,21.61
27101,8194,40.15,38.3,21.55
27103,32242,43.26,36.92,19.82
27105,21573,33.68,40.65,25.67
27107,6375,36.3,44.19,19.51
27109,157429,45.46,39.26,15.28
27111,58578,36.35,38.64,25.01
27113,14033,39.95,41.19,18.86
27115,28134,33.35,42.94,23.7
27117,9118,38.74,40.06,21.2
27119,30785,42.52,36.38,21.09
27121,11249,39.49,39.81,20.7
27123,539991,39.67,40.42,19.9
27125,4055,40.59,39.78,19.63
27127,15152,42.31,37.08,20.61
27129,14512,41.61,38.64,19.76
27131,60376,45.14,37.15,17.71
27133,9285,43.9,39.0,17.1
27135,15149,34.6,46.47,18.93
27137,193827,40.73,38.97,20.3
27139,148314,55.13,33.87,11.0
27141,95718,50.78,38.35,10.87
27143,14856,43.95,35.39,20.66
27145,155930,43.26,37.99,18.75
27147,36531,49.44,36.17,14.39
27149,9041,38.92,41.29,19.79
27151,9258,42.73,36.79,20.48
27153,24598,32.8,40.82,26.38
27155,3254,38.63,41.09,20.28
27157,21612,42.45,37.9,19.64
27159,13656,32.19,41.4,26.41
27161,17917,44.52,33.49,21.99
27163,260198,49.52,37.85,12.63
27165,10881,33.61,41.47,24.92
27167,6186,45.57,33.54,20.89
27169,47333,39.16,43.84,17.0
27171,138153,51.62,36.45,11.94
27173,9690,43.76,36.5,19.74
28001,28578,22.62,42.32,35.05
28003,36483,30.42,41.85,27.73
28005,12258,22.56,36.77,40.67
28007,18149,26.38,37.62,36.0
28009,8250,23.14,50.3,26.56
28011,29586,21.88,37.9,40.22
28013,14336,24.77,43.2,32.03
28015,9622,29.44,30.71,39.85
28017,16733,22.09,42.75,35.16
28019,8184,24.44,46.82,28.74
28021,7751,21.75,40.98,37.27
28023,15493,25.49,42.28,32.23
28025,19173,25.42,40.8,33.79
28027,21694,20.63,41.86,37.51
28029,27692,24.45,47.16,28.39
28031,18633,21.49,47.08,31.43
28033,184696,40.61,41.1,18.29
28035,72743,27.23,43.95,28.82
28037,7703,20.08,48.02,31.9
28039,23982,27.88,40.07,32.05
28041,11077,21.41,49.67,28.92
28043,20611,22.75,43.11,34.14
28045,47547,28.73,46.84,24.43
28047,207018,32.83,41.42,25.75
28049,225821,27.53,43.46,29.02
28051,16306,21.03,36.4,42.57
28053,8035,17.29,35.35,47.37
28055,989,20.63,33.16,46.21
28057,22617,32.71,43.02,24.27
28059,143190,32.99,41.79,25.22
28061,16317,16.71,45.52,37.77
28063,6690,18.52,47.85,33.63
28065,11104,30.73,39.23,30.04
28067,67196,26.85,41.99,31.16
28069,8767,19.72,32.28,48.0
28071,49852,33.73,44.64,21.63
28073,63213,32.01,44.8,23.2
28075,72321,28.37,41.39,30.23
28077,12586,30.0,39.87,30.13
28079,21247,28.02,40.34,31.63
28081,85139,31.87,41.36,26.78
28083,27441,20.24,37.86,41.9
28085,34039,24.37,41.29,34.34
28087,57832,31.68,43.46,24.87
28089,105275,40.95,37.72,21.33
28091,24141,24.03,45.23,30.74
28093,33677,27.41,39.08,33.51
28095,35169,27.78,44.43,27.79
28097,9775,22.75,40.4,36.85
28099,29052,25.93,39.69,34.38
28101,20667,25.41,43.12,31.47
28103,10324,20.11,44.47,35.42
28105,45661,29.67,44.82,25.51
28107,34106,28.33,43.06,28.61
28109,54452,28.86,40.07,31.07
28111,11973,26.75,36.46,36.79
28113,38736,25.28,43.82,30.9
28115,32122,34.1,37.83,28.07
28117,24548,29.79,43.58,26.63
28119,6716,18.72,41.02,40.26
28121,150896,36.59,43.65,19.75
28123,28062,30.2,39.36,30.44
28125,4321,18.47,39.62,41.91
28127,26452,27.34,47.46,25.2
28129,15916,23.54,42.66,33.8
28131,17222,23.42,48.45,28.13
28133,21352,21.54,41.32,37.14
28135,11444,24.34,33.92,41.73
28137,27425,30.69,44.25,25.06
28139,21764,31.78,39.8,28.42
28141,19271,32.3,37.24,30.46
28143,9585,26.98,38.36,34.66
28145,28717,30.49,39.22,30.28
28147,14284,21.74,39.04,39.22
28149,45269,26.13,40.19,33.68
28151,43655,21.81,37.56,40.63
28153,20170,28.5,37.82,33.68
28155,9675,28.89,40.85,30.26
28157,7614,22.81,38.74,38.44
28159,17634,22.84,37.78,39.38
28161,12080,23.0,44.21,32.79
28163,23006,23.57,40.92,35.5
29001,22714,35.85,45.74,18.41
29003,17697,40.68,36.52,22.8
29005,5135,36.03,39.3,24.67
29007,23619,35.26,40.72,24.02
29009,35734,33.37,40.48,26.15
29011,11748,40.79,31.79,27.42
29013,16065,31.31,42.43,26.26
29015,19421,26.93,43.45,29.62
29017,12124,33.45,40.67,25.87
29019,172660,39.62,42.54,17.84
29021,84239,35.33,42.93,21.74
29023,42219,33.25,41.01,25.74
29025,8902,33.12,44.57,22.31
29027,41918,36.24,43.56,20.2
29029,46137,26.58,46.86,26.56
29031,76124,41.19,38.8,20.01
29033,8679,36.33,42.62,21.05
29035,5982,38.11,40.79,21.1
29037,105587,40.55,43.79,15.66
29039,14342,28.62,43.42,27.96
29041,7420,36.66,37.78,25.57
29043,88468,41.82,40.43,17.75
29045,6791,30.17,46.05,23.78
29047,248800,44.38,39.99,15.64
29049,20387,39.13,42.65,18.21
29051,72463,43.06,39.28,17.65
29053,16395,38.51,40.6,20.89
29055,23836,35.11,39.81,25.08
29057,7550,27.4,40.46,32.13
29059,16864,30.47,39.99,29.54
29061,8156,32.0,37.14,30.86
29063,9264,39.25,38.42,22.33
29065,15567,33.17,42.6,24.23
29067,13167,30.18,40.03,29.79
29069,28966,29.45,41.35,29.2
29071,103859,41.03,41.58,17.39
29073,14706,32.92,42.26,24.82
29075,6565,42.54,34.59,22.86
29077,284594,39.12,39.47,21.41
29079,9714,32.9,38.71,28.39
29081,8338,30.8,44.26,24.95
29083,21779,33.34,42.01,24.65
29085,9535,24.03,38.67,37.3
29087,4393,27.84,43.8,28.36
29089,9417,38.67,43.93,17.39
29091,40012,30.63,42.55,26.81
29093,10080,30.72,41.35,27.93
29095,699815,38.31,40.68,21.01
29097,119987,36.97,41.09,21.94
29099,224588,44.02,39.91,16.07
29101,51434,41.11,44.09,14.81
29103,3952,29.66,36.87,33.48
29105,35618,34.4,42.95,22.65
29107,32491,39.62,39.87,20.51
29109,38291,29.48,46.92,23.59
29111,9263,33.08,38.73,28.19
29113,58898,39.79,42.97,17.24
29115,11920,30.72,44.04,25.23
29117,13565,34.66,41.13,24.22
29119,22795,27.32,45.23,27.45
29121,15117,36.69,37.39,25.91
29123,12030,30.71,44.73,24.56
29125,8697,26.55,43.5,29.95
29127,27946,40.36,38.41,21.23
29129,3617,38.18,33.29,28.53
29131,25557,38.37,40.65,20.98
29133,11484,26.43,42.95,30.63
29135,14919,35.26,41.91,22.82
29137,8640,33.24,38.54,28.22
29139,11427,31.78,43.04,25.18
29141,20549,25.5,39.73,34.77
29143,17031,33.76,36.16,30.07
29145,57846,36.07,44.47,19.46
29147,18810,36.4,42.08,21.52
29149,10517,26.4,43.43,30.16
29151,13371,42.21,39.77,18.02
29153,9174,22.75,43.94,33.31
29155,15773,31.09,38.59,30.32
29157,19107,39.38,42.67,17.95
29159,42082,36.88,41.92,21.2
29161,42169,37.79,40.74,21.47
29163,16129,34.43,43.11,22.46
29165,104011,45.09,40.3,14.61
29167,31095,25.96,41.94,32.1
29169,52553,31.99,51.63,16.37
29171,4696,38.35,34.69,26.96
29173,10309,44.74,34.23,21.03
29175,22876,34.8,38.1,27.11
29177,22937,38.25,42.19,19.56
29179,6216,25.37,35.62,39.01
29181,13288,27.14,46.24,26.62
29183,398264,48.74,37.96,13.3
29185,9299,23.4,48.55,28.05
29186,17825,37.31,43.68,19.01
29187,61460,39.98,36.3,23.73
29189,985410,41.08,38.97,19.96
29195,21821,37.11,40.32,22.57
29197,4660,39.01,29.4,31.59
29199,4900,32.18,50.43,17.39
29201,38180,33.23,37.42,29.35
29203,8160,26.43,43.74,29.83
29205,5890,34.52,38.08,27.4
29207,28960,34.03,38.27,27.71
29209,31924,27.37,45.06,27.57
29211,6089,35.39,40.98,23.63
29213,54706,31.58,45.95,22.47
29215,23737,27.29,44.08,28.63
29217,20087,34.86,37.51,27.63
29219,35496,34.19,45.48,20.33
29221,23803,29.43,40.76,29.81
29223,12844,26.78,43.34,29.87
29225,38891,34.68,39.58,25.74
29227,2013,27.52,45.06,27.42
29229,18253,30.69,43.3,26.01
29510,294393,32.81,37.69,29.5
30001,9074,32.69,44.26,23.05
30003,13278,13.06,51.66,35.28
30005,6671,19.13,46.87,34.0
30007,6212,36.24,45.88,17.88
30009,10725,33.63,42.22,24.15
30011,1252,30.51,50.4,19.09
30013,80618,38.44,39.55,22.0
30015,5630,34.76,43.09,22.15
30017,11162,33.33,45.54,21.13
30019,1690,39.7,39.59,20.71
30021,8250,35.89,41.6,22.51
30023,8730,28.85,41.9,29.24
30025,2843,32.25,52.69,15.05
30027,10951,29.04,50.26,20.7
30029,103480,36.96,45.66,17.38
30031,111527,41.79,44.18,14.02
30033,1258,34.82,43.48,21.7
30035,13720,15.66,48.02,36.33
30037,821,21.19,52.98,25.82
30039,3378,28.0,46.74,25.25
30041,16271,28.17,46.01,25.82
30043,12116,26.96,53.73,19.31
30045,2007,25.96,55.61,18.44
30047,30370,23.71,46.89,29.4
30049,68404,40.15,43.34,16.51
30051,2337,37.23,34.62,28.16
30053,19911,24.9,42.38,32.72
30055,1664,37.92,43.99,18.09
30057,8600,24.0,52.43,23.57
30059,1862,21.37,52.36,26.26
30061,4393,24.74,46.21,29.05
30063,116884,37.58,47.07,15.34
30065,4623,27.86,46.18,25.96
30067,16592,29.57,47.85,22.58
30069,487,38.19,44.56,17.25
30071,3954,41.15,34.85,24.0
30073,5903,34.71,37.73,27.56
30075,1682,26.46,51.61,21.94
30077,5263,21.39,52.5,26.11
30079,1077,19.59,47.91,32.5
30081,43751,29.34,47.76,22.9
30083,10803,40.59,43.0,16.41
30085,10953,17.92,38.04,44.04
30087,8907,21.83,47.46,30.72
30089,12025,24.07,48.52,27.41
30091,3308,38.57,40.69,20.74
30093,34294,35.61,43.15,21.24
30095,9642,30.45,46.7,22.85
30097,3737,22.21,56.17,21.62
30099,6147,38.95,42.8,18.25
30101,4208,27.88,47.96,24.17
30103,696,19.4,58.91,21.7
30105,7389,27.96,49.49,22.55
30107,2126,32.22,42.66,25.12
30109,969,27.97,46.75,25.28
30111,159326,41.0,41.45,17.54
31001,30408,38.7,40.46,20.84
31003,6292,43.48,37.89,18.63
31005,463,26.35,54.21,19.44
31007,745,35.17,33.15,31.68
31009,465,42.15,38.06,19.78
31011,5190,43.47,35.51,21.02
31013,10772,35.26,44.44,20.3
31015,1919,28.24,45.81,25.95
31017,2955,39.09,40.51,20.41
31019,47956,44.78,37.07,18.14
31021,6459,30.19,44.33,25.48
31023,7986,48.06,34.57,17.37
31025,26158,46.97,37.22,15.8
31027,8398,46.5,35.44,18.06
31029,3924,37.28,37.18,25.54
31031,5686,42.53,41.96,15.51
31033,8903,40.21,43.01,16.78
31035,6198,41.88,39.59,18.52
31037,10709,30.69,43.07,26.24
31039,8846,36.21,40.93,22.86
31041,10771,35.99,39.08,24.93
31043,19956,31.8,43.83,24.37
31045,7907,35.32,46.04,18.64
31047,23500,31.32,42.58,26.09
31049,1794,35.06,42.08,22.85
31051,5628,39.96,44.26,15.78
31053,35893,38.75,40.75,20.51
31055,563209,41.74,39.74,18.52
31057,1693,30.36,44.89,24.75
31059,5364,39.99,35.18,24.83
31061,2978,36.6,38.45,24.95
31063,2514,42.92,38.19,18.89
31065,4674,33.23,44.39,22.38
31067,21488,37.86,42.47,19.67
31069,1837,30.32,41.64,28.03
31071,1969,34.54,36.01,29.46
31073,1990,38.19,40.15,21.66
31075,623,34.67,47.99,17.34
31077,2356,42.28,40.2,17.53
31079,61128,35.11,46.45,18.45
31081,9313,48.66,36.21,15.13
31083,3377,33.88,43.59,22.53
31085,922,32.65,50.98,16.38
31087,2758,35.71,41.77,22.52
31089,10063,36.11,41.7,22.19
31091,682,48.53,26.83,24.63
31093,6445,41.86,38.77,19.36
31095,7038,37.27,39.81,22.92
31097,4087,39.96,37.09,22.95
31099,6490,39.86,41.14,19.0
31101,8026,37.09,39.28,23.62
31103,806,32.75,38.59,28.66
31105,3626,24.43,52.81,22.75
31107,8326,36.42,38.9,24.68
31109,306291,42.83,39.3,17.87
31111,34691,38.72,41.37,19.91
31113,748,26.87,50.94,22.19
31115,664,31.48,42.62,25.9
31117,494,41.09,40.28,18.62
31119,34450,39.16,43.81,17.03
31121,7712,37.4,38.62,23.99
31123,4638,31.18,51.01,17.81
31125,3519,40.47,40.01,19.52
31127,6577,34.33,49.63,16.04
31129,4148,33.27,41.3,25.43
31131,16001,45.16,35.15,19.69
31133,2613,28.43,39.46,32.11
31135,2891,51.12,30.23,18.64
31137,8986,47.37,32.03,20.6
31139,7136,46.29,36.18,17.53
31141,33271,40.2,36.65,23.14
31143,5212,44.03,42.88,13.09
31145,10409,34.74,40.57,24.69
31147,7859,37.63,36.14,26.24
31149,1357,40.01,40.09,19.9
31151,13510,34.0,44.13,21.87
31153,186885,49.66,37.03,13.3
31155,21466,44.67,39.49,15.84
31157,35324,35.28,40.57,24.15
31159,16159,50.9,35.24,13.86
31161,5238,34.86,44.48,20.66
31163,3001,36.72,38.89,24.39
31165,1166,29.93,48.28,21.78
31167,5920,50.32,32.33,17.35
31169,5000,40.04,40.48,19.48
31171,722,43.49,39.89,16.62
31173,7217,20.48,45.93,33.59
31175,4153,24.08,52.66,23.26
31177,20706,43.24,39.65,17.11
31179,8415,41.83,40.86,17.31
31181,3482,41.21,35.9,22.89
31183,783,44.19,34.1,21.71
31185,13057,38.91,43.6,17.49
32001,24866,31.57,45.44,22.98
32003,2252468,28.89,48.09,23.02
32005,48764,30.33,48.36,21.31
32007,52230,35.73,46.28,17.99
32009,872,23.97,46.33,29.7
32011,2028,31.41,49.9,18.69
32013,16689,27.96,45.63,26.41
32015,5532,32.65,48.17,19.18
32017,4907,29.47,51.38,19.16
32019,57249,28.96,48.79,22.26
32021,4476,18.7,53.49,27.82
32023,45540,21.82,42.63,35.54
32027,4940,20.1,56.15,23.74
32029,4118,37.42,48.52,14.06
32031,468182,34.23,47.16,18.61
32033,8338,29.19,45.74,25.07
32510,53470,30.03,47.07,22.91
33001,61133,36.02,43.7,20.28
33003,48855,30.19,48.59,21.22
33005,72673,38.7,43.69,17.61
33007,29810,33.45,43.26,23.29
33009,83682,36.31,46.1,17.59
33011,413440,44.18,40.15,15.67
33013,146496,41.74,41.44,16.82
33015,309629,49.35,37.16,13.5
33017,122697,44.4,39.62,15.98
33019,43016,36.67,45.39,17.94
34001,260349,36.57,41.48,21.95
34003,927387,38.83,42.22,18.95
34005,437309,43.93,39.64,16.43
34007,503903,35.42,43.42,21.16
34009,91718,33.95,42.76,23.29
34011,141354,32.07,41.75,26.18
34013,786809,28.51,43.66,27.83
34015,289133,47.75,37.28,14.97
34017,667097,24.29,49.17,26.54
34019,122302,51.41,35.81,12.78
34021,351838,37.33,40.46,22.21
34023,807430,35.84,43.53,20.63
34025,616539,45.08,38.65,16.27
34027,487956,47.72,36.88,15.4
34029,605274,36.71,43.53,19.76
34031,495371,27.88,45.08,27.03
34033,61998,39.45,39.39,21.16
34035,328128,46.92,38.29,14.79
34037,140263,50.42,35.9,13.68
34039,554187,32.51,43.39,24.1
34041,104411,44.99,39.48,15.53
35001,672578,30.59,46.19,23.23
35003,3524,18.56,47.5,33.94
35005,63310,26.21,47.36,26.43
35006,24322,15.39,45.62,38.99
35007,11664,23.42,48.96,27.61
35009,48639,33.29,43.88,22.83
35011,1739,21.56,52.21,26.22
35013,214730,25.46,49.37,25.17
35015,58206,29.13,50.38,20.5
35017,26710,19.92,48.07,32.01
35019,3729,14.62,46.71,38.67
35021,625,14.72,51.84,33.44
35023,4171,17.55,50.23,32.22
35025,69312,29.33,47.76,22.91
35027,19474,23.38,47.76,28.86
35028,19339,37.3,48.58,14.13
35029,23248,24.07,46.86,29.08
35031,71019,9.31,37.29,53.4
35033,4521,17.76,41.45,40.79
35035,66217,29.04,43.55,27.41
35037,8231,17.3,47.9,34.8
35039,38766,19.19,46.99,33.82
35041,17520,32.95,42.01,25.04
35043,146408,32.78,45.92,21.29
35045,123020,21.74,44.97,33.29
35047,26666,19.57,46.3,34.13
35049,148542,24.75,50.0,25.25
35051,10740,19.29,42.79,37.91
35053,16137,20.24,45.65,34.11
35055,32685,21.88,46.0,32.12
35057,14856,20.81,47.08,32.11
35059,3422,16.28,54.03,29.69
35061,75285,22.82,49.88,27.29
36001,292489,41.37,38.86,19.77
36003,42320,33.69,39.0,27.31
36005,1401547,14.24,43.75,42.01
36007,182597,36.54,40.25,23.21
36009,74564,33.05,40.62,26.33
36011,73475,37.46,41.16,21.39
36013,123407,37.5,36.79,25.71
36015,80830,40.7,38.55,20.75
36017,47100,34.85,44.2,20.95
36019,74667,39.61,38.39,22.0
36021,58948,34.6,43.29,22.11
36023,44363,41.48,37.81,20.71
36025,42590,30.87,45.72,23.4
36027,280120,41.17,40.79,18.03
36029,901600,39.62,39.35,21.03
36031,35440,34.7,41.29,24.02
36033,44517,35.45,37.37,27.17
36035,52907,34.76,42.4,22.84
36037,56153,41.85,38.74,19.41
36039,44713,34.07,42.66,23.27
36041,4415,34.43,42.08,23.49
36043,60676,38.16,40.75,21.09
36045,108272,37.18,42.35,20.47
36047,2552747,19.53,47.84,32.63
36049,26267,40.07,40.51,19.42
36051,57680,39.76,39.31,20.92
36053,66740,37.98,42.92,19.1
36055,725418,39.88,38.91,21.21
36057,49113,34.59,39.99,25.42
36059,1347377,38.42,43.27,18.31
36061,1588188,16.84,51.64,31.52
36063,207484,41.55,37.77,20.68
36065,219744,37.84,40.08,22.08
36067,448719,39.21,39.82,20.97
36069,107809,43.14,38.6,18.26
36071,381828,40.82,40.75,18.43
36073,38452,36.46,43.01,20.53
36075,113356,39.41,39.43,21.16
36077,55162,34.03,39.81,26.15
36079,97056,46.2,41.08,12.71
36081,2249659,20.96,49.38,29.66
36083,154558,39.45,39.94,20.61
36085,474257,32.62,45.01,22.37
36087,324027,33.63,43.85,22.52
36089,98310,35.32,38.52,26.16
36091,227731,46.93,38.75,14.33
36093,152958,39.46,39.87,20.67
36095,29847,36.03,40.48,23.49
36097,17771,36.44,37.34,26.22
36099,31790,36.69,38.37,24.94
36101,94941,37.99,39.58,22.44
36103,1463965,40.24,42.52,17.24
36105,73793,36.24,39.76,24.0
36107,48138,40.53,40.52,18.96
36109,90005,39.16,42.33,18.51
36111,171916,40.2,39.14,20.65
36113,63804,39.9,40.0,20.1
36115,58747,39.33,39.82,20.85
36117,89764,39.62,40.0,20.39
36119,952022,36.61,42.17,21.22
36121,36679,36.91,44.13,18.96
36123,23874,31.38,41.62,27.0
37001,164562,35.37,41.47,23.15
37003,36233,36.47,40.82,22.71
37005,11122,20.8,42.44,36.76
37007,22880,23.35,46.97,29.68
37009,27162,26.2,47.95,25.86
37011,15236,25.18,46.48,28.33
37013,46903,25.68,45.34,28.97
37015,17786,25.45,38.25,36.3
37017,32661,28.02,44.21,27.78
37019,142560,26.68,48.05,25.27
37021,257177,33.68,44.67,21.65
37023,88598,30.88,42.18,26.94
37025,215717,41.55,42.15,16.3
37027,81734,31.28,46.61,22.11
37029,10867,35.87,45.05,19.08
37031,69050,31.38,44.53,24.09
37033,21481,28.61,40.77,30.62
37035,158180,34.82,43.15,22.03
37037,74396,28.53,47.1,24.37
37039,28504,22.86,45.77,31.37
37041,13912,31.45,40.64,27.91
37043,11225,26.6,41.51,31.88
37045,96645,29.13,41.25,29.62
37047,52911,23.35,46.2,30.46
37049,101148,30.31,44.67,25.02
37051,332739,32.76,46.12,21.12
37053,27725,36.64,45.27,18.09
37055,36953,30.88,49.7,19.42
37057,167060,36.9,39.68,23.42
37059,42804,32.63,47.11,20.25
37061,58741,23.41,43.8,32.79
37063,309914,37.88,41.24,20.88
37065,51121,24.17,43.18,32.66
37067,373654,36.09,42.18,21.73
37069,68635,33.81,44.15,22.04
37071,223092,36.81,43.11,20.08
37073,11562,35.77,36.17,28.06
37075,8435,26.35,44.52,29.13
37077,57606,31.13,39.55,29.32
37079,18594,22.78,43.77,33.45
37081,521372,33.67,43.36,22.97
37083,48967,22.64,42.68,34.68
37085,133284,31.36,45.2,23.43
37087,62287,32.61,43.07,24.32
37089,117237,31.83,44.32,23.85
37091,21293,26.88,42.94,30.18
37093,54501,35.21,38.94,25.86
37095,4519,21.75,42.29,35.96
37097,181427,39.45,42.84,17.71
37099,39919,26.79,42.7,30.5
37101,208510,35.76,42.01,22.24
37103,9395,28.49,39.61,31.9
37105,61384,27.8,45.37,26.83
37107,55742,27.93,40.96,31.11
37109,85882,37.92,42.55,19.52
37111,44954,29.66,46.18,24.16
37113,35846,22.86,48.95,28.2
37115,20997,30.93,39.11,29.96
37117,22430,25.65,39.07,35.28
37119,1099166,40.93,41.17,17.91
37121,14897,30.53,42.71,26.76
37123,26408,23.49,47.94,28.57
37125,100875,31.27,45.11,23.62
37127,92852,28.69,44.89,26.42
37129,228014,38.52,42.21,19.27
37131,18941,21.58,46.47,31.95
37133,197623,35.62,48.7,15.68
37135,138360,39.35,44.4,16.25
37137,12107,22.33,46.86,30.82
37139,38105,34.35,42.57,23.09
37141,62268,33.86,42.79,23.35
37143,13453,27.12,45.37,27.51
37145,39413,32.76,40.15,27.1
37147,175670,32.01,44.59,23.4
37149,20710,23.94,46.75,29.31
37151,143214,32.36,41.13,26.51
37153,44034,26.37,43.06,30.58
37155,127255,21.79,41.63,36.58
37157,90856,29.74,42.13,28.13
37159,139169,33.67,42.83,23.5
37161,66630,26.55,44.75,28.7
37163,63073,29.25,42.53,28.22
37165,32548,24.09,42.4,33.51
37167,61528,31.4,45.92,22.68
37169,45512,35.3,40.83,23.88
37171,71650,30.3,42.0,27.71
37173,14246,21.86,45.0,33.14
37175,33791,26.38,47.35,26.27
37177,3400,28.35,31.47,40.18
37179,237908,44.88,39.92,15.21
37181,44410,29.11,40.87,30.02
37183,1094066,45.01,39.59,15.4
37185,19052,17.2,40.28,42.53
37187,11570,24.49,39.72,35.79
37189,50648,35.49,45.82,18.69
37191,122301,29.11,44.68,26.21
37193,67979,31.06,40.91,28.04
37195,81177,29.61,39.2,31.19
37197,37622,29.53,44.24,26.23
37199,18036,27.06,47.05,25.89
38001,2216,36.42,43.68,19.9
38003,10107,42.36,35.96,21.69
38005,6819,20.3,45.49,34.21
38007,928,48.28,31.47,20.26
38009,6120,36.36,42.91,20.74
38011,3024,42.33,33.66,24.01
38013,2115,43.31,34.75,21.94
38015,92769,46.19,37.36,16.45
38017,178506,46.76,36.43,16.81
38019,3762,38.04,40.96,21.0
38021,4786,42.73,35.1,22.17
38023,2264,34.76,47.57,17.67
38025,4424,37.95,44.69,17.36
38027,2287,37.52,36.99,25.49
38029,3241,44.06,32.12,23.82
38031,3210,39.25,37.2,23.55
38033,1709,30.84,40.9,28.26
38035,67298,42.84,39.69,17.46
38037,2274,26.87,41.73,31.4
38039,2231,44.2,32.68,23.13
38041,2383,35.38,40.66,23.96
38043,2480,32.86,48.71,18.43
38045,4046,34.63,32.48,32.9
38047,1850,44.81,36.81,18.38
38049,5745,43.66,36.29,20.05
38051,2497,27.67,40.73,31.6
38053,15017,37.73,45.71,16.55
38055,9441,39.22,39.58,21.19
38057,8181,43.76,35.99,20.25
38059,31285,47.05,35.81,17.14
38061,10542,25.71,49.25,25.04
38063,2879,33.52,36.82,29.66
38065,1959,36.65,48.14,15.21
38067,6794,40.21,39.7,20.09
38069,3845,39.84,38.47,21.69
38071,11274,37.82,38.16,24.02
38073,5218,33.19,43.6,23.21
38075,2327,39.06,46.8,14.14
38077,15487,38.47,37.86,23.67
38079,14139,14.28,45.0,40.72
38081,3898,47.74,33.02,19.24
38083,1315,33.46,49.58,16.96
38085,4176,13.86,37.48,48.66
38087,750,34.67,43.2,22.13
38089,31413,40.59,40.3,19.1
38091,1890,34.02,46.61,19.37
38093,19590,35.88,44.82,19.3
38095,2189,45.13,37.37,17.5
38097,7889,44.56,37.28,18.16
38099,10623,33.15,41.62,25.24
38101,67020,47.81,37.79,14.4
38103,3829,34.73,37.14,28.13
38105,37444,43.35,37.64,19.01
39001,27647,30.9,40.52,28.57
39003,97977,36.11,42.64,21.25
39005,51737,38.1,37.55,24.35
39007,95436,31.63,41.49,26.88
39009,56247,36.12,41.69,22.19
39011,45602,42.64,40.49,16.87
39013,64187,35.21,42.31,22.48
39015,43364,36.22,40.97,22.81
39017,373855,42.49,40.13,17.38
39019,26897,33.67,43.93,22.4
39021,38535,39.16,41.2,19.64
39023,131961,34.0,44.03,21.97
39025,206118,45.62,38.71,15.67
39027,41146,38.45,38.07,23.48
39029,99167,37.31,40.13,22.56
39031,36550,36.64,38.27,25.09
39033,41379,37.18,41.81,21.01
39035,1221770,35.32,39.84,24.84
39037,51075,35.25,43.88,20.87
39039,37682,37.82,42.21,19.96
39041,207660,53.88,34.5,11.62
39043,74122,35.74,43.02,21.24
39045,155714,44.76,38.5,16.74
39047,28491,39.48,39.72,20.8
39049,1294266,40.37,39.82,19.81
39051,42126,43.95,38.49,17.56
39053,29572,32.25,40.79,26.96
39055,93591,41.78,37.26,20.96
39057,162586,44.08,37.67,18.25
39059,38805,36.57,38.86,24.56
39061,803859,39.57,39.1,21.33
39063,74902,46.13,37.16,16.71
39065,29694,35.01,42.8,22.19
39067,15040,30.96,37.89,31.14
39069,27006,42.36,39.78,17.86
39071,43092,31.31,43.11,25.59
39073,28187,33.97,41.97,24.06
39075,43920,28.36,33.31,38.33
39077,58171,40.61,39.96,19.42
39079,32376,34.42,39.73,25.85
39081,63626,34.93,39.88,25.19
39083,59560,37.46,39.74,22.8
39085,229353,42.45,38.76,18.79
39087,59311,37.03,41.2,21.77
39089,174234,41.99,39.88,18.14
39091,45621,39.18,44.27,16.55
39093,304081,39.08,38.29,22.63
39095,424358,36.49,39.45,24.06
39097,40154,41.64,40.56,17.8
39099,221823,36.93,39.79,23.27
39101,59931,37.91,41.25,20.84
39103,179587,46.91,37.79,15.31
39105,22897,35.08,39.49,25.43
39107,41146,44.39,39.31,16.3
39109,106844,43.17,38.49,18.34
39111,13654,29.69,44.25,26.06
39113,522779,37.32,38.83,23.85
39115,14508,32.65,41.19,26.16
39117,35226,40.79,40.38,18.83
39119,85378,40.38,37.95,21.67
39121,11869,32.33,41.02,26.65
39123,40450,35.43,42.49,22.08
39125,18672,42.15,36.78,21.07
39127,36134,37.21,37.86,24.94
39129,54148,43.59,37.65,18.76
39131,27721,34.09,38.17,27.74
39133,155946,41.56,38.96,19.48
39135,40784,41.21,39.66,19.13
39137,33861,46.66,35.48,17.86
39139,115345,36.73,40.05,23.22
39141,71945,37.8,39.38,22.82
39143,58421,39.66,40.17,20.17
39145,72956,34.28,38.26,27.46
39147,53306,39.9,38.43,21.66
39149,48486,44.21,39.75,16.04
39151,366782,40.89,38.58,20.53
39153,536932,40.64,38.41,20.95
39155,196196,36.1,39.45,24.45
39157,91840,36.14,40.87,22.99
39159,56472,48.57,38.15,13.28
39161,28148,39.24,39.04,21.72
39163,13085,32.18,41.57,26.24
39165,230426,53.61,34.63,11.75
39167,58970,34.3,44.56,21.14
39169,113257,40.35,35.01,24.64
39171,36128,38.77,42.44,18.79
39173,125113,44.47,38.96,16.57
39175,21754,38.29,43.71,18.0
40001,22169,15.03,49.79,35.18
40003,4691,25.84,50.18,23.98
40005,13056,20.75,44.64,34.61
40007,5299,24.8,50.73,24.48
40009,20092,25.98,50.47,23.55
40011,9429,27.11,45.57,27.32
40013,47293,26.64,45.03,28.33
40015,26989,24.5,46.78,28.72
40017,146340,37.14,45.86,17.0
40019,47803,29.07,45.07,25.86
40021,47299,28.55,43.28,28.17
40023,14628,19.48,47.01,33.52
40025,2133,23.02,50.4,26.58
40027,274974,38.89,43.13,17.97
40029,5495,18.96,44.48,36.56
40031,117208,28.51,46.78,24.71
40033,5666,28.61,42.16,29.23
40035,13536,21.59,47.72,30.69
40037,71178,32.51,44.2,23.28
40039,27898,34.25,41.44,24.31
40041,42908,22.71,43.45,33.84
40043,4870,31.68,41.36,26.96
40045,3854,22.16,52.1,25.74
40047,60508,34.5,45.27,20.23
40049,27544,26.41,47.39,26.2
40051,55069,32.77,45.7,21.53
40053,4317,30.51,49.53,19.97
40055,4649,32.29,41.88,25.83
40057,2596,22.61,48.07,29.31
40059,3684,24.59,42.32,33.09
40061,12627,23.01,46.24,30.74
40063,11929,21.59,41.83,36.58
40065,24236,30.58,41.8,27.62
40067,5931,23.52,42.72,33.75
40069,10858,21.12,45.53,33.35
40071,42912,30.92,43.18,25.9
40073,15730,31.04,47.5,21.47
40075,8608,27.43,42.26,30.31
40077,9813,20.01,42.03,37.96
40079,48718,21.81,47.05,31.14
40081,34743,26.74,46.1,27.16
40083,46688,34.48,44.51,21.01
40085,10241,22.52,45.83,31.66
40087,40444,34.23,49.41,16.35
40089,32617,21.99,45.42,32.58
40091,19516,17.63,47.74,34.63
40093,7620,33.28,43.5,23.22
40095,16883,19.14,47.13,33.73
40097,40862,25.83,43.38,30.79
40099,14030,23.23,45.28,31.49
40101,65213,25.48,42.14,32.38
40103,11113,26.73,49.82,23.46
40105,10028,25.07,43.1,31.83
40107,11140,20.76,42.32,36.91
40109,789752,32.59,44.27,23.14
40111,37562,26.34,42.28,31.38
40113,45670,29.14,42.01,28.85
40115,30466,25.8,44.91,29.29
40117,16334,28.02,44.77,27.22
40119,74363,34.22,43.55,22.24
40121,41799,24.66,45.47,29.87
40123,37090,30.88,44.51,24.61
40125,70134,30.2,44.79,25.01
40127,11083,17.84,43.88,38.28
40129,3572,33.4,41.83,24.78
40131,91991,33.47,45.26,21.27
40133,24004,19.09,46.17,34.74
40135,41436,23.89,43.72,32.39
40137,43001,27.66,45.99,26.35
40139,19503,23.01,50.18,26.81
40141,7023,23.31,45.61,31.08
40143,646405,34.06,43.84,22.1
40145,81209,32.43,46.26,21.31
40147,51156,30.78,48.09,21.13
40149,10870,26.86,46.59,26.55
40151,7911,31.79,40.07,28.14
40153,19099,31.55,41.24,27.21
41001,15798,26.97,47.2,25.83
41003,87917,36.49,47.03,16.48
41005,417680,37.53,46.26,16.21
41007,40039,26.86,51.31,21.83
41009,52209,32.29,50.15,17.56
41011,63888,27.32,46.99,25.69
41013,24372,29.0,47.74,23.25
41015,22898,18.33,53.01,28.66
41017,197132,32.61,49.95,17.44
41019,110701,25.32,49.24,25.44
41021,1912,31.07,49.06,19.87
41023,7199,26.36,42.76,30.88
41025,7297,26.19,49.36,24.45
41027,23382,28.22,50.3,21.48
41029,219584,27.9,49.23,22.87
41031,23809,23.76,49.99,26.25
41033,87041,21.19,51.49,27.32
41035,67550,27.28,51.09,21.63
41037,7462,25.73,42.23,32.04
41039,376824,31.35,47.93,20.72
41041,49714,23.69,49.33,26.98
41043,129459,29.85,50.47,19.68
41045,27485,22.14,51.04,26.82
41047,341359,29.7,49.44,20.86
41049,11603,21.35,56.29,22.36
41051,804073,36.75,44.99,18.27
41053,84768,34.59,48.93,16.48
41055,1780,28.99,52.47,18.54
41057,26683,25.26,45.74,29.0
41059,74381,29.14,48.5,22.36
41061,26444,32.0,45.92,22.09
41063,7208,26.54,50.86,22.6
41065,26555,30.31,44.1,25.59
41067,597599,40.35,45.6,14.05
41069,1325,25.28,43.02,31.7
41071,102911,32.82,47.07,20.11
42001,100193,40.09,40.74,19.18
42003,1193486,42.64,37.54,19.81
42005,64559,39.22,38.71,22.07
42007,162706,41.32,37.55,21.14
42009,47707,36.48,39.72,23.8
42011,413411,39.38,39.61,21.01
42013,120625,39.08,38.65,22.27
42015,60150,35.37,41.72,22.91
42017,625190,46.11,37.87,16.02
42019,184364,46.61,36.02,17.37
42021,126386,38.01,37.23,24.76
42023,4447,34.81,34.29,30.9
42025,63967,41.04,40.41,18.55
42027,143552,40.96,38.19,20.85
42029,516642,50.21,35.56,14.23
42031,37064,35.34,41.02,23.64
42033,74384,36.59,39.28,24.12
42035,36828,36.43,40.92,22.65
42037,62014,38.98,39.46,21.56
42039,81561,35.94,38.46,25.6
42041,243217,44.21,37.8,17.99
42043,276346,38.97,41.46,19.57
42045,550775,39.35,40.11,20.54
42047,29859,39.93,39.7,20.36
42049,260851,37.5,39.74,22.76
42051,126912,35.7,38.62,25.69
42053,4696,22.89,46.12,30.98
42055,154220,37.98,41.06,20.96
42057,14420,34.2,39.9,25.89
42059,33444,40.35,36.94,22.71
42061,40416,34.29,39.9,25.81
42063,79756,37.37,38.74,23.89
42065,43177,34.1,38.83,27.06
42067,24724,33.23,37.43,29.34
42069,205567,36.34,40.38,23.28
42071,538871,40.15,39.01,20.84
42073,84381,38.14,39.27,22.59
42075,139895,38.99,41.59,19.42
42077,364282,35.85,40.91,23.24
42079,310066,36.36,39.64,24.0
42081,109339,37.0,40.47,22.53
42083,38377,36.65,39.31,24.04
42085,104594,37.93,37.65,24.42
42087,46083,34.51,40.49,25.0
42089,166512,41.0,41.69,17.31
42091,820095,46.77,37.34,15.9
42093,18092,41.57,35.45,22.98
42095,297396,42.04,39.86,18.1
42097,88192,36.86,39.36,23.78
42099,46053,38.29,39.12,22.6
42101,1548632,25.6,43.17,31.23
42103,55466,36.11,44.3,19.59
42105,16472,34.56,41.24,24.2
42107,136273,41.38,36.02,22.6
42109,37894,38.76,38.82,22.42
42111,69290,36.51,37.61,25.88
42113,6066,29.77,40.6,29.62
42115,40275,36.55,40.03,23.42
42117,39697,35.42,41.02,23.56
42119,36674,37.11,37.34,25.55
42121,50288,37.42,40.77,21.81
42123,38894,36.21,40.15,23.64
42125,203368,42.49,38.43,19.08
42127,47977,33.06,42.04,24.9
42129,345564,42.25,37.85,19.9
42131,26335,38.54,40.99,20.47
42133,443890,45.03,37.74,17.23
44001,46527,49.0,35.59,15.42
44003,164268,42.52,40.28,17.2
44005,80807,44.12,39.72,16.16
44007,620148,35.16,42.39,22.45
44009,120211,41.73,44.16,14.11
45001,23935,29.19,43.13,27.68
45003,169620,34.38,43.99,21.63
45005,7710,24.55,41.21,34.24
45007,200867,36.12,40.75,23.13
45009,13452,25.25,42.42,32.33
45011,20788,21.19,42.66,36.15
45013,191228,25.22,50.43,24.35
45015,226893,36.83,42.53,20.64
45017,14553,23.14,44.91,31.95
45019,403152,39.3,39.42,21.27
45021,56574,33.23,43.96,22.8
45023,32140,27.55,44.67,27.78
45025,45537,27.46,41.4,31.15
45027,32376,24.2,40.89,34.91
45029,37677,24.21,43.45,32.34
45031,65845,28.55,40.56,30.89
45033,30308,21.73,41.84,36.43
45035,161404,37.76,43.07,19.17
45037,24711,31.63,41.07,27.3
45039,22275,28.1,41.67,30.23
45041,136605,30.64,43.48,25.88
45043,62410,25.65,45.09,29.26
45045,515628,39.65,41.14,19.2
45047,68834,30.35,43.25,26.4
45049,17990,24.0,42.88,33.12
45051,351489,29.68,45.72,24.6
45053,28987,23.73,47.05,29.22
45055,66525,32.69,44.37,22.94
45057,96431,33.85,41.31,24.84
45059,66199,26.99,44.47,28.53
45061,15492,26.46,40.03,33.51
45063,297835,39.17,40.7,20.13
45065,8495,19.39,43.88,36.73
45067,30657,24.22,41.17,34.61
45069,23604,25.22,38.79,35.99
45071,37442,31.43,44.45,24.12
45073,79225,30.78,42.58,26.64
45075,83667,24.04,43.26,32.7
45077,119221,37.23,41.62,21.15
45079,400947,35.7,42.76,21.54
45081,20473,27.36,40.59,32.05
45083,314189,36.07,42.74,21.19
45085,105334,32.54,41.9,25.56
45087,27077,24.25,45.36,30.39
45089,29649,19.25,44.71,36.05
45091,278491,41.48,41.61,16.91
46003,2691,37.35,43.07,19.58
46005,18370,40.89,37.78,21.33
46007,3365,22.29,35.96,41.75
46009,5642,38.0,39.79,22.21
46011,31839,44.32,42.13,13.55
46013,38090,45.92,36.89,17.19
46015,5253,40.02,42.03,17.95
46017,1962,15.19,31.7,53.11
46019,10429,27.95,55.11,16.94
46021,1376,32.63,42.81,24.56
46023,9114,26.83,44.89,28.29
46025,3736,43.47,39.16,17.37
46027,12078,45.46,39.23,15.31
46029,27952,37.81,42.49,19.69
46031,4086,17.33,32.77,49.9
46033,8823,25.08,47.94,26.97
46035,19305,42.36,34.94,22.7
46037,5413,39.18,35.84,24.98
46039,4351,39.12,42.06,18.82
46041,5879,13.57,48.75,37.68
46043,2921,40.84,33.38,25.78
46045,3821,42.89,37.01,20.1
46047,6670,28.23,35.91,35.86
46049,2297,35.05,45.8,19.16
46051,7038,31.77,44.6,23.63
46053,4185,36.01,35.56,28.43
46055,1899,36.81,38.81,24.38
46057,6164,42.31,37.61,20.08
46059,3191,44.16,32.87,22.97
46061,3453,55.05,36.69,8.25
46063,1274,35.64,45.05,19.31
46065,16982,42.11,34.76,23.13
46067,7257,45.98,29.89,24.13
46069,1301,35.2,44.27,20.52
46071,3344,20.36,39.29,40.34
46073,2013,29.96,40.69,29.36
46075,903,35.99,37.1,26.91
46077,4939,45.82,35.41,18.77
46079,12291,40.13,39.66,20.21
46081,25124,30.95,48.79,20.26
46083,61102,49.42,39.58,11.01
46085,3744,26.01,33.81,40.17
46087,5586,45.38,34.94,19.67
46089,2379,43.0,33.17,23.83
46091,4932,43.45,30.9,25.65
46093,28280,44.0,37.73,18.27
46095,2061,20.43,32.75,46.82
46097,2216,35.79,43.41,20.8
46099,189026,45.86,36.66,17.48
46101,6576,38.12,41.16,20.71
46102,14142,8.8,32.79,58.41
46103,112241,39.0,39.72,21.29
46105,2865,35.43,44.12,20.45
46107,2153,40.41,30.47,29.12
46109,10352,24.08,39.48,36.44
46111,2344,42.92,39.55,17.53
46115,6227,39.33,42.09,18.58
46117,3098,44.22,39.86,15.91
46119,1391,32.28,50.11,17.61
46121,10150,8.55,42.31,49.14
46123,5388,30.66,44.73,24.61
46125,8384,35.63,39.73,24.64
46127,15919,43.92,35.42,20.67
46129,5423,29.85,35.55,34.59
46135,21354,39.51,40.72,19.76
46137,2756,13.1,36.76,50.15
47001,76538,33.31,40.66,26.04
47003,49538,28.29,47.45,24.26
47005,16031,25.2,45.32,29.47
47007,12411,26.77,40.22,33.01
47009,131868,33.64,42.62,23.74
47011,106147,36.87,38.35,24.78
47013,39574,29.77,40.62,29.61
47015,14633,31.99,44.97,23.04
47017,26928,30.24,41.32,28.44
47019,55912,32.06,38.66,29.28
47021,40522,34.87,44.34,20.79
47023,16293,30.28,45.53,24.19
47025,30968,26.54,44.65,28.81
47027,7615,26.21,35.04,38.75
47029,35855,28.9,40.11,30.98
47031,56245,29.9,46.57,23.53
47033,14230,28.17,43.61,28.23
47035,60263,26.56,43.09,30.35
47037,674105,37.58,40.95,21.47
47039,11633,30.12,44.21,25.67
47041,20367,26.55,39.41,34.04
47043,53618,34.1,44.33,21.56
47045,36938,33.18,40.82,26.0
47047,40873,31.65,39.78,28.57
47049,18361,26.13,44.37,29.51
47051,40247,28.72,43.81,27.47
47053,48802,30.53,41.59,27.87
47055,29053,32.74,41.63,25.63
47057,23295,29.56,40.77,29.67
47059,68117,26.91,40.91,32.18
47061,13344,31.24,39.67,29.09
47063,64557,28.7,45.5,25.8
47065,361587,38.17,39.64,22.19
47067,6509,25.47,31.16,43.37
47069,21566,25.37,43.91,30.72
47071,25652,28.88,41.09,30.03
47073,56534,31.02,39.21,29.77
47075,17155,24.16,37.81,38.04
47077,27881,30.08,42.02,27.9
47079,32171,30.57,39.53,29.9
47081,23826,33.19,36.51,30.29
47083,8180,27.09,42.15,30.76
47085,18382,28.69,48.45,22.86
47087,11687,31.3,41.93,26.77
47089,53475,28.51,46.35,25.14
47091,16210,22.67,42.49,34.85
47093,461061,41.54,38.51,19.94
47095,4987,22.06,42.31,35.63
47097,23564,27.22,45.21,27.56
47099,43881,30.09,40.71,29.2
47101,12217,34.28,43.33,22.39
47103,34252,31.69,43.1,25.21
47105,53921,31.26,44.99,23.75
47107,53197,31.37,41.12,27.51
47109,25613,34.89,40.26,24.85
47111,24404,30.0,41.28,28.72
47113,94948,33.25,40.04,26.71
47115,28773,29.18,42.36,28.45
47117,34211,33.03,43.82,23.15
47119,96078,37.49,42.12,20.39
47121,12337,23.72,45.33,30.96
47123,46319,34.19,38.9,26.91
47125,207509,40.06,41.35,18.59
47127,6466,37.3,39.92,22.78
47129,19253,29.66,35.67,34.67
47131,29904,28.33,44.93,26.75
47133,22110,31.72,40.25,28.02
47135,8037,23.63,42.93,33.45
47137,5048,24.27,36.97,38.77
47139,16693,35.05,37.21,27.74
47141,78228,37.41,39.46,23.13
47143,32620,27.04,43.22,29.74
47145,53082,30.5,41.0,28.5
47147,71268,35.2,43.42,21.38
47149,328409,40.36,42.56,17.08
47151,21920,27.27,37.17,35.56
47153,14947,29.64,38.49,31.87
47155,97631,28.35,43.95,27.7
47157,926066,31.29,42.58,26.13
47159,20041,29.96,48.1,21.95
47161,13638,34.84,36.75,28.41
47163,157092,35.6,39.83,24.56
47165,190449,39.8,41.59,18.61
47167,60790,33.12,45.46,21.42
47169,8772,39.83,37.08,23.08
47171,17784,28.4,42.36,29.23
47173,19879,31.68,43.83,24.49
47175,5822,23.62,48.71,27.67
47177,41031,29.25,40.82,29.93
47179,126399,37.27,41.57,21.16
47181,14586,34.34,37.12,28.54
47183,32169,28.63,44.07,27.29
47185,27165,29.64,44.83,25.52
47187,237980,49.77,37.41,12.82
47189,143712,38.36,43.36,18.28
48001,44324,24.57,45.78,29.65
48003,18705,31.4,46.54,22.05
48005,85172,27.01,47.01,25.98
48007,23315,22.11,45.95,31.94
48009,8543,30.72,45.23,24.05
48011,1887,31.05,47.8,21.14
48013,51153,21.32,52.41,26.27
48015,29980,24.16,50.93,24.91
48017,6944,24.87,49.68,25.45
48019,22922,23.63,48.97,27.4
48021,87088,24.55,49.15,26.3
48023,3509,29.72,35.34,34.94
48025,24952,28.04,42.25,29.71
48027,360453,29.47,48.1,22.44
48029,1986818,28.59,45.41,26.0
48031,11929,28.28,45.21,26.51
48033,654,19.88,57.8,22.32
48035,18654,25.13,43.54,31.33
48037,88200,30.49,43.77,25.74
48039,364946,37.38,44.71,17.91
48041,215464,30.73,46.66,22.62
48043,9167,28.29,43.48,28.23
48045,1546,20.18,43.86,35.96
48047,7077,15.91,40.61,43.48
48049,36876,27.13,47.77,25.1
48051,18405,26.56,46.79,26.64
48053,47247,26.16,46.85,26.99
48055,42339,23.65,47.47,28.88
48057,21242,24.8,40.65,34.56
48059,13938,23.8,52.27,23.93
48061,421777,16.66,47.08,36.26
48063,13094,21.14,54.81,24.05
48065,5920,28.07,53.55,18.38
48067,29944,26.42,45.57,28.01
48069,7516,17.76,60.54,21.7
48071,43707,41.18,40.71,18.11
48073,50598,22.34,47.26,30.4
48075,5632,31.27,42.35,26.38
48077,10446,27.4,48.15,24.45
48079,2818,32.58,36.87,30.55
48081,3387,28.4,46.18,25.42
48083,8175,27.08,50.73,22.19
48085,1033286,44.06,41.7,14.24
48087,2913,14.56,36.87,48.58
48089,21432,23.69,48.14,28.17
48091,155869,34.65,45.6,19.75
48093,13612,26.02,45.47,28.5
48095,2726,24.17,44.17,31.66
48097,40880,29.14,44.36,26.5
48099,67795,31.93,47.78,20.29
48101,1398,16.74,51.43,31.83
48103,4777,17.46,61.94,20.6
48105,3464,17.41,57.04,25.55
48107,5729,17.42,46.73,35.85
48109,2161,17.86,45.58,36.56
48111,7249,24.54,37.27,38.18
48113,2615477,27.58,46.53,25.89
48115,11475,21.94,48.37,29.68
48117,18466,25.45,51.32,23.24
48119,5331,21.93,51.74,26.34
48121,878576,43.16,43.34,13.5
48123,18681,19.9,51.38,28.72
48125,1896,22.68,49.74,27.58
48127,10083,12.71,53.13,34.16
48129,3054,28.39,42.5,29.11
48131,10637,16.57,48.67,34.76
48133,17734,25.97,40.85,33.17
48135,164444,28.98,47.97,23.05
48137,1927,15.67,35.13,49.2
48139,184124,35.28,47.07,17.65
48141,832392,22.18,47.09,30.73
48143,39432,29.74,47.32,22.93
48145,15403,22.27,45.45,32.28
48147,33139,26.9,47.76,25.34
48149,25313,23.56,46.42,30.02
48151,3820,28.56,44.19,27.25
48153,5712,25.89,47.57,26.54
48155,1155,18.87,45.63,35.5
48157,807985,38.69,44.79,16.52
48159,10696,21.6,53.3,25.1
48161,18306,20.57,49.34,30.09
48163,17056,19.53,42.14,38.33
48165,21472,18.4,48.16,33.45
48167,338814,34.82,45.5,19.68
48169,4451,25.59,49.56,24.85
48171,26982,18.78,56.66,24.56
48173,1409,32.01,42.94,25.05
48175,7619,20.42,44.1,35.48
48177,20720,21.14,49.06,29.8
48179,20072,28.95,47.59,23.46
48181,134855,29.72,46.83,23.46
48183,121831,30.43,45.69,23.89
48185,26183,22.96,47.63,29.41
48187,165628,34.09,45.25,20.66
48189,30915,24.97,47.01,28.03
48191,2958,15.18,45.03,39.79
48193,8444,29.37,43.19,27.44
48195,5396,24.2,40.12,35.67
48197,3927,17.77,40.34,41.89
48199,57601,31.12,46.73,22.15
48201,4684352,28.52,45.74,25.75
48203,65678,24.29,44.14,31.57
48205,4501,44.32,37.99,17.68
48207,5167,15.44,46.56,37.99
48209,223148,35.02,46.66,18.32
48211,3815,30.85,53.03,16.12
48213,81983,23.85,46.56,29.59
48215,864024,17.86,46.25,35.89
48217,36255,24.05,49.44,26.51
48219,22355,23.96,50.96,25.08
48221,61391,29.66,49.34,21.0
48223,36995,27.49,45.04,27.47
48225,20466,21.89,44.91,33.21
48227,31616,28.53,45.23,26.24
48229,4800,11.81,36.79,51.4
48231,96366,26.86,47.32,25.82
48233,20781,28.03,43.15,28.82
48235,1536,22.33,54.23,23.44
48237,7850,25.81,45.67,28.52
48239,14698,25.53,43.77,30.7
48241,34934,26.4,39.3,34.3
48243,2187,17.51,42.16,40.33
48245,238249,28.99,44.85,26.16
48247,5184,17.11,49.32,33.56
48249,40420,19.26,46.86,33.88
48251,173990,31.4,48.7,19.9
48253,14995,27.96,48.62,23.43
48255,12718,20.37,43.91,35.71
48257,135834,31.14,46.16,22.7
48259,47331,37.23,39.3,23.48
48261,404,18.56,42.82,38.61
48263,752,39.1,34.31,26.6
48265,51578,23.68,45.57,30.76
48267,4327,21.17,47.84,30.99
48269,272,27.57,40.81,31.62
48271,3331,16.99,42.87,40.14
48273,29461,25.03,45.66,29.31
48275,3653,26.8,43.09,30.11
48277,49595,26.52,45.46,28.03
48279,12853,17.24,50.82,31.94
48281,21374,25.8,48.39,25.81
48283,5914,10.87,30.79,58.34
48285,20116,25.53,46.13,28.35
48287,16895,28.54,44.47,27.0
48289,17377,18.14,54.97,26.88
48291,83662,25.78,45.08,29.14
48293,22147,21.63,46.66,31.71
48295,3229,24.03,52.28,23.69
48297,11194,25.33,39.21,35.47
48299,21795,20.85,50.04,29.11
48301,169,26.63,52.07,21.3
48303,300642,30.22,45.51,24.27
48305,5909,24.94,50.84,24.22
48307,7965,29.11,41.64,29.24
48309,250781,29.95,44.93,25.12
48311,743,21.4,46.57,32.03
48313,11888,27.14,44.29,28.58
48315,9789,23.56,38.37,38.07
48317,5764,23.94,57.89,18.16
48319,4271,23.84,52.8,23.37
48321,36514,23.82,44.12,32.06
48323,57826,18.39,39.21,42.4
48325,49613,24.65,44.79,30.56
48327,2133,25.46,37.69,36.85
48329,176281,33.44,45.96,20.6
48331,24646,21.85,44.97,33.19
48333,4815,27.44,42.33,30.24
48335,6733,21.7,52.74,25.56
48337,19767,23.47,47.39,29.14
48339,605539,38.21,44.62,17.17
48341,20901,23.89,51.1,25.01
48343,12359,22.75,48.61,28.64
48345,1200,20.5,48.08,31.42
48347,60878,26.23,45.88,27.89
48349,49887,22.69,48.25,29.07
48351,12930,25.53,39.84,34.63
48353,14460,24.12,45.95,29.92
48355,358167,25.59,47.77,26.64
48357,9818,21.31,43.57,35.12
48359,1865,19.14,62.14,18.71
48361,83234,31.58,47.05,21.37
48363,29092,27.66,45.63,26.72
48365,22951,29.87,44.99,25.14
48367,142258,33.78,46.54,19.68
48369,9579,20.19,50.79,29.02
48371,13810,31.04,41.53,27.44
48373,47351,19.78,49.38,30.84
48375,111832,25.21,45.05,29.74
48377,6704,14.98,44.75,40.27
48379,12489,22.1,48.27,29.63
48381,135773,35.47,47.16,17.37
48383,3849,21.69,55.18,23.12
48385,3452,13.41,40.15,46.44
48387,11995,21.28,44.77,33.96
48389,12913,23.64,40.77,35.59
48391,6923,21.39,41.3,37.31
48393,854,29.74,50.23,20.02
48395,17027,26.39,39.37,34.24
48397,104748,45.87,41.86,12.27
48399,10216,27.32,42.88,29.8
48401,48655,26.96,45.59,27.45
48403,10542,17.46,43.52,39.02
48405,8237,18.61,37.38,44.01
48407,28805,21.72,47.55,30.73
48409,66406,22.5,48.34,29.16
48411,5450,19.01,44.11,36.88
48413,2793,35.45,38.2,26.35
48415,15175,19.15,54.93,25.92
48417,3258,29.44,42.6,27.96
48419,25274,22.64,41.81,35.54
48421,3019,20.93,56.11,22.95
48423,229179,26.96,48.1,24.94
48425,9123,41.62,33.9,24.48
48427,64013,14.07,44.73,41.2
48429,8748,25.25,45.19,29.56
48431,1291,22.77,56.7,20.53
48433,1350,18.59,49.63,31.78
48435,3766,21.06,43.71,35.24
48437,6803,21.42,42.82,35.76
48439,2086107,34.0,45.55,20.46
48441,135349,30.76,46.36,22.88
48443,776,15.34,55.54,29.12
48445,11466,22.79,45.62,31.59
48447,1501,20.25,47.17,32.58
48449,32568,24.12,47.33,28.55
48451,116968,29.85,46.21,23.94
48453,1257243,38.1,42.42,19.49
48455,14647,23.87,42.81,33.32
48457,19797,22.4,44.48,33.12
48459,41610,28.59,45.62,25.79
48461,3624,24.53,51.05,24.42
48463,26443,22.68,44.19,33.13
48465,47846,18.24,47.79,33.97
48467,56442,25.21,49.1,25.69
48469,91142,25.89,45.41,28.7
48471,55597,28.55,45.68,25.77
48473,50907,29.2,42.99,27.81
48475,11927,26.86,45.79,27.36
48477,33874,26.55,45.9,27.56
48479,274262,17.72,46.41,35.87
48481,41390,23.85,43.45,32.7
48483,5053,27.21,47.99,24.8
48485,126693,30.03,47.56,22.41
48487,12585,21.26,47.11,31.62
48489,18100,13.29,46.87,39.84
48491,587572,39.76,44.65,15.59
48493,51011,28.85,49.84,21.31
48495,7913,28.56,47.95,23.49
48497,69395,28.25,49.6,22.15
48499,44160,26.14,45.76,28.1
48501,8713,24.84,40.11,35.05
48503,17925,28.88,45.12,26.0
48505,14179,13.13,45.92,40.95
48507,11427,15.71,51.58,32.71
49001,6683,34.01,49.71,16.28
49003,55857,38.99,45.96,15.05
49005,124547,41.96,43.99,14.05
49007,20041,31.14,41.98,26.88
49009,950,28.42,48.11,23.47
49011,354611,51.71,38.31,9.98
49013,19787,32.16,44.37,23.48
49015,10012,32.78,47.96,19.26
49017,4905,29.32,49.46,21.22
49019,9721,26.66,49.17,24.16
49021,53880,38.58,46.18,15.24
49023,11957,45.04,37.3,17.65
49025,7699,25.67,48.4,25.94
49027,13087,33.58,50.35,16.08
49029,12124,44.64,48.3,7.06
49031,1442,24.55,48.2,27.25
49033,2482,27.84,39.73,32.43
49035,1150938,43.3,42.15,14.55
49037,15091,22.93,40.37,36.7
49039,28311,35.08,43.96,20.96
49041,21455,31.7,47.16,21.13
49043,42076,39.74,47.44,12.82
49045,72083,46.62,42.07,11.32
49047,35633,30.45,46.26,23.3
49049,625730,43.16,44.29,12.55
49051,33872,46.56,41.79,11.66
49053,175861,31.0,48.97,20.03
49055,2711,28.66,43.93,27.41
49057,258576,45.05,41.62,13.33
50001,34287,38.07,45.29,16.64
50003,34599,36.36,44.18,19.47
50005,29249,34.56,44.28,21.16
50007,155190,43.79,39.23,16.98
50009,6163,27.52,42.48,30.0
50011,49212,43.83,40.88,15.29
50013,7235,37.48,43.14,19.38
50015,24798,36.7,46.43,16.86
50017,28440,37.78,44.03,18.19
50019,26586,33.46,44.3,22.24
50021,56595,36.75,41.96,21.29
50023,56188,39.81,42.44,17.75
50025,41462,32.9,45.52,21.58
50027,54693,35.2,45.21,19.59
51001,32222,24.94,45.33,29.73
51003,103568,41.67,40.94,17.39
51005,14821,26.56,47.34,26.1
51007,13145,35.33,40.93,23.74
51009,30699,33.4,41.6,24.99
51011,15911,30.18,43.07,26.75
51013,235669,46.0,39.18,14.82
51015,73217,35.58,42.32,22.1
51017,4147,26.6,46.15,27.25
51019,78914,36.57,41.31,22.12
51021,5653,29.68,43.18,27.14
51023,33263,43.53,37.97,18.5
51025,14142,23.84,42.52,33.64
51027,20105,29.06,40.03,30.91
51029,15060,28.26,42.14,29.59
51031,54603,31.37,47.35,21.28
51033,30346,29.27,49.26,21.47
51035,29760,30.45,43.73,25.82
51036,6963,26.58,42.98,30.43
51037,11779,24.6,40.6,34.8
51041,348886,42.61,40.86,16.53
51043,14572,40.27,39.03,20.7
51045,5122,43.21,33.4,23.39
51047,51414,35.69,44.73,19.57
51049,9932,29.96,39.37,30.67
51051,13886,24.21,42.75,33.04
51053,28336,33.55,42.24,24.22
51057,10953,24.86,36.42,38.72
51059,1140335,45.13,40.15,14.72
51061,71126,43.42,39.24,17.34
51063,15749,30.37,47.22,22.41
51065,26073,41.36,40.64,18.0
51067,55249,29.3,46.62,24.08
51069,88392,38.83,43.24,17.93
51071,16720,31.0,43.28,25.72
51073,37348,39.2,40.37,20.42
51075,22844,39.02,39.71,21.27
51077,14660,25.57,42.5,31.94
51079,19819,35.65,46.01,18.34
51081,7922,23.61,39.79,36.61
51083,33557,23.84,39.79,36.37
51085,106254,45.3,39.3,15.4
51087,329709,41.87,40.19,17.93
51089,50253,29.13,41.36,29.51
51091,2190,25.98,48.49,25.53
51093,37109,39.11,40.4,20.49
51095,75977,37.84,44.98,17.17
51097,7025,33.57,37.77,28.67
51099,26836,37.81,45.86,16.33
51101,17148,39.65,41.54,18.81
51103,10578,23.52,45.06,31.42
51105,22183,23.96,38.38,37.66
51107,412479,52.54,35.86,11.6
51109,37584,30.61,45.6,23.79
51111,11226,27.37,39.76,32.86
51113,13258,36.53,44.7,18.77
51115,8834,32.91,40.02,27.08
51117,30092,24.58,42.32,33.1
51119,10363,21.91,46.33,31.76
51121,89253,37.09,45.03,17.88
51125,14930,26.81,45.41,27.79
51127,22644,39.21,45.32,15.47
51131,11633,28.37,41.01,30.62
51133,12095,22.18,45.09,32.72
51135,13624,29.01,44.36,26.62
51137,36672,37.94,41.41,20.64
51139,23827,36.01,42.82,21.18
51141,17485,27.49,42.45,30.07
51143,59466,31.17,41.91,26.92
51145,28567,43.6,38.14,18.27
51147,19032,29.58,42.51,27.91
51149,34619,40.14,41.74,18.12
51153,469103,40.57,44.11,15.32
51155,33207,33.7,40.23,26.07
51157,7343,25.28,51.42,23.3
51159,7495,27.11,42.08,30.81
51161,92841,43.22,40.67,16.1
51163,22158,33.97,45.43,20.6
51165,80650,33.47,44.45,22.08
51167,26418,26.76,41.76,31.49
51169,20976,27.52,44.29,28.19
51171,43525,31.03,46.6,22.36
51173,29805,30.09,44.05,25.86
51175,16158,37.81,37.92,24.27
51177,136215,44.34,39.44,16.22
51179,151309,49.27,38.48,12.24
51181,6422,29.91,40.66,29.43
51183,8710,24.23,44.95,30.83
51185,39213,29.51,41.35,29.14
51187,39772,37.6,45.34,17.06
51191,52326,31.71,42.4,25.89
51193,18015,24.98,44.06,30.96
51195,34922,29.21,41.95,28.84
51197,28661,33.92,43.75,22.33
51199,68280,46.21,40.06,13.73
51510,158483,42.62,39.27,18.11
51520,16609,33.73,41.74,24.52
51530,6062,37.38,32.3,30.32
51540,45413,34.17,44.88,20.94
51550,241640,44.08,38.55,17.37
51570,17367,39.39,38.54,22.06
51580,5452,37.45,41.75,20.8
51590,39155,28.26,40.16,31.58
51595,5346,21.96,38.37,39.67
51600,23900,41.71,43.77,14.52
51610,14609,50.3,41.85,7.85
51620,7965,24.02,46.21,29.77
51630,26614,37.63,42.09,20.28
51640,6347,22.36,42.15,35.5
51650,131735,33.01,44.02,22.97
51660,45931,31.3,43.53,25.17
51670,22529,31.92,40.48,27.6
51678,6155,25.39,47.47,27.13
51680,72251,35.3,45.71,18.99
51683,41085,30.48,51.31,18.21
51685,17478,37.87,51.24,10.89
51690,12414,28.79,41.93,29.28
51700,174819,34.09,44.16,21.75
51710,234940,31.37,47.53,21.1
51720,3981,25.97,53.2,20.82
51730,31337,23.67,41.91,34.42
51735,12271,40.35,43.0,16.65
51740,92774,33.43,41.89,24.68
51750,14871,39.86,34.11,26.04
51760,220876,35.65,39.08,25.27
51770,98520,33.89,41.06,25.05
51775,23704,36.78,44.65,18.57
51790,24489,41.86,40.82,17.32
51800,91478,40.23,39.25,20.52
51810,447014,42.74,42.16,15.1
51820,22630,35.63,41.73,22.63
51830,10793,30.1,50.34,19.56
51840,27196,34.41,43.41,22.17
53001,19955,22.83,51.34,25.83
53003,22535,34.17,46.27,19.56
53005,203667,33.95,46.82,19.23
53007,76852,26.9,47.39,25.71
53009,76347,24.41,51.48,24.12
53011,487084,38.17,45.54,16.3
53013,3978,33.51,39.72,26.77
53015,110217,32.75,47.91,19.34
53017,43417,25.58,50.72,23.7
53019,7603,19.43,49.47,31.11
53021,92557,25.95,50.48,23.57
53023,2225,28.13,39.73,32.13
53025,97176,27.27,47.48,25.25
53027,72919,30.76,48.1,21.14
53029,85082,31.29,51.2,17.51
53031,31801,22.14,48.4,29.45
53033,2233666,40.47,44.17,15.36
53035,270999,38.39,47.04,14.58
53037,45504,35.44,47.94,16.62
53039,22389,27.01,47.73,25.25
53041,80375,29.87,46.32,23.8
53043,10926,31.09,47.07,21.84
53045,64482,28.11,47.56,24.33
53047,42061,22.05,49.79,28.17
53049,22380,26.57,45.82,27.61
53051,13699,21.07,53.35,25.58
53053,898373,38.8,46.4,14.8
53055,17505,22.93,55.95,21.12
53057,128846,31.15,48.34,20.51
53059,12058,33.19,46.22,20.59
53061,817833,39.9,45.5,14.6
53063,514178,37.78,44.84,17.38
53065,45686,28.49,45.55,25.96
53067,288409,36.48,46.13,17.39
53069,4482,23.65,50.69,25.66
53071,56658,35.69,42.78,21.54
53073,225049,34.78,45.3,19.93
53075,43479,33.65,45.88,20.47
53077,249390,25.23,49.24,25.53
54001,15719,28.67,44.28,27.05
54003,118939,40.16,44.16,15.68
54005,21423,34.41,38.13,27.46
54007,13645,27.48,44.67,27.86
54009,21430,33.06,39.79,27.15
54011,89394,34.83,40.51,24.66
54013,7109,21.27,40.79,37.94
54015,8508,25.24,47.83,26.94
54017,7364,30.5,49.85,19.65
54019,41035,25.93,40.85,33.23
54021,6117,30.93,43.09,25.98
54023,11568,35.73,41.49,22.79
54025,34386,33.41,36.78,29.81
54027,22975,30.99,44.59,24.42
54029,28810,36.13,42.35,21.51
54031,13776,36.95,42.56,20.49
54033,67080,39.01,39.29,21.71
54035,28576,35.7,41.3,22.99
54037,56423,42.51,39.54,17.95
54039,176462,33.04,42.46,24.5
54041,15902,31.84,41.55,26.61
54043,20409,33.53,41.7,24.76
54045,31543,32.24,40.85,26.91
54047,17624,25.67,42.23,32.1
54049,55166,36.08,39.96,23.96
54051,30162,35.09,42.06,22.85
54053,26012,32.17,47.17,20.66
54055,58144,27.89,43.14,28.97
54057,26420,34.72,43.15,22.12
54059,23424,27.72,45.51,26.77
54061,99777,39.99,41.24,18.77
54063,13275,30.31,46.45,23.24
54065,17884,30.06,44.93,25.01
54067,24487,33.19,40.2,26.61
54069,39744,38.17,40.64,21.19
54071,6969,26.03,41.8,32.17
54073,6826,40.74,37.36,21.9
54075,8000,31.45,38.11,30.44
54077,31876,34.93,40.75,24.33
54079,56450,40.06,40.62,19.32
54081,70374,32.68,40.93,26.39
54083,26794,33.38,38.38,28.24
54085,9554,26.56,43.18,30.26
54087,13688,31.25,44.02,24.73
54089,11748,22.98,46.85,30.17
54091,16328,28.79,43.53,27.68
54093,6752,33.65,41.29,25.06
54095,8591,28.36,44.8,26.84
54097,23104,32.03,42.74,25.23
54099,39372,28.69,41.51,29.8
54101,8114,27.32,41.84,30.84
54103,15065,29.45,37.71,32.84
54105,5821,32.62,44.17,23.21
54107,83242,31.97,43.66,24.37
54109,20394,33.12,39.82,27.06
55001,19267,30.36,41.92,27.73
55003,15167,30.67,44.61,24.72
55005,45113,33.25,42.95,23.8
55007,14975,29.96,47.13,22.91
55009,259663,41.94,40.52,17.54
55011,13007,40.52,40.49,18.99
55013,15350,27.91,44.94,27.15
55015,50050,48.5,36.52,14.98
55017,62500,39.93,42.68,17.4
55019,34690,30.31,38.91,30.78
55021,56564,44.55,39.13,16.32
55023,15531,36.55,39.61,23.84
55025,536621,46.13,38.7,15.17
55027,82698,41.66,40.33,18.0
55029,27591,33.09,43.84,23.07
55031,42238,37.3,42.05,20.65
55033,42586,39.07,42.09,18.84
55035,100851,41.02,42.05,16.92
55037,4295,30.62,46.17,23.21
55039,100999,42.75,39.29,17.97
55041,8928,26.48,43.53,30.0
55043,47616,39.8,40.43,19.77
55045,36915,39.86,43.81,16.33
55047,18844,34.75,36.02,29.22
55049,23656,44.37,37.71,17.92
55051,5680,30.25,41.02,28.73
55053,19512,33.83,40.8,25.37
55055,82885,42.3,41.37,16.32
55057,25518,32.52,41.28,26.2
55059,166381,40.43,42.46,17.12
55061,20412,45.63,36.17,18.2
55063,113858,42.51,39.85,17.64
55065,16634,37.09,39.47,23.45
55067,19076,34.43,40.89,24.69
55069,27281,37.38,41.42,21.19
55071,78833,40.63,39.12,20.25
55073,135348,43.55,37.57,18.88
55075,40219,34.95,42.77,22.28
55077,15536,35.1,40.7,24.2
55078,4516,20.04,41.98,37.98
55079,931849,32.88,42.48,24.64
55081,46075,36.45,41.53,22.01
55083,37819,39.47,40.79,19.74
55085,35305,35.94,42.38,21.68
55087,186145,46.08,38.87,15.04
55089,87741,45.69,39.68,14.64
55091,7280,45.12,35.8,19.08
55093,40243,45.17,39.57,15.26
55095,43678,36.58,43.37,20.04
55097,67968,40.24,41.21,18.55
55099,13325,32.59,39.71,27.7
55101,192913,37.85,41.61,20.54
55103,17177,35.75,41.29,22.96
55105,161785,41.39,39.68,18.93
55107,14151,29.64,45.98,24.38
55109,90437,49.56,37.35,13.09
55111,64251,41.17,38.61,20.22
55113,16375,27.4,45.38,27.22
55115,40637,37.01,40.34,22.66
55117,113431,42.26,40.6,17.14
55119,20286,32.54,46.08,21.37
55121,29624,43.94,38.08,17.98
55123,30752,35.33,38.68,25.99
55125,22089,26.94,46.64,26.42
55127,101469,40.17,42.31,17.52
55129,15704,32.92,43.21,23.87
55131,135820,46.63,39.03,14.34
55133,401312,49.18,36.36,14.46
55135,50755,39.47,39.9,20.63
55137,23320,33.09,43.19,23.72
55139,166098,41.14,40.75,18.1
55141,72897,38.91,39.35,21.74
56001,36752,39.05,45.56,15.39
56003,11738,28.37,49.13,22.5
56005,46046,43.89,42.52,13.59
56007,14205,29.88,47.71,22.41
56009,13785,34.31,49.19,16.5
56011,7580,40.88,40.01,19.1
56013,38641,27.26,47.05,25.7
56015,12125,35.8,41.53,22.66
56017,4394,24.99,46.31,28.7
56019,8415,30.3,54.08,15.61
56021,98964,42.54,41.12,16.34
56023,19813,30.81,53.69,15.49
56025,78946,37.73,45.09,17.19
56027,2096,26.29,46.95,26.77
56029,28857,32.98,45.99,21.03
56031,8333,24.98,56.41,18.6
56033,29907,40.44,44.28,15.28
56035,9813,33.97,44.11,21.92
56037,41888,40.53,42.45,17.02
56039,23390,31.0,49.45,19.55
56041,20183,38.37,46.31,15.32
56043,7738,33.61,41.55,24.84
56045,6664,27.87,50.53,21.61
